PNC;Invoice No;Invoice date;pos;Art Descr;Quantity;Unit;Price;Value;Origin;Net weight;Article Code;TaricNo
586 68 90-01;4647569;15.12.2020;1;AIR CONDUCTOR COOLING;1,00;ST;1,55;1,55;JP;0,03;;84679100
967 19 33-01;4647569;15.12.2020;2;129R BRUSHCUTTER EU, US50, CA,;8,00;ST;142,50;1140,00;US;69,36;;84678900
581 64 31-56;4647569;15.12.2020;3;SAW CHAIN SP33G SEMI CHISEL PI;120,00;ST;4,99;598,80;SE;25,92;;82024000
581 64 31-64;4647569;15.12.2020;4;SAW CHAIN SP33G SEMI CHISEL PI;900,00;ST;5,95;5355,00;SE;221,40;;82024000
581 64 31-72;4647569;15.12.2020;5;SAW CHAIN SP33G SEMI CHISEL PI;210,00;ST;6,62;1390,20;SE;58,38;;82024000
586 68 90-01;4647569;15.12.2020;6;AIR CONDUCTOR COOLING;1,00;ST;1,55;1,55;JP;0,03;;84679100
506 61 59-01;4647569;15.12.2020;7;GROMMET;3,00;ST;0,83;2,49;JP;0,00;;84679900
544 02 95-01;4647569;15.12.2020;8;MUFFLER ASSY;10,00;ST;12,63;126,30;US;3,20;;84099100
967 09 17-01;4647569;15.12.2020;9;BLI20 BATTERY;2,00;ST;96,60;193,20;CN;2,42;;85076000
965 96 81-18;4647569;15.12.2020;10;"372XP CHAINSAW 18"" 3/8"" H42 SN";72,00;ST;312,99;22535,28;SE;581,04;;84678100
967 97 22-01;4647569;15.12.2020;14;INSTALLATION KIT MEDIUM, INCL.;2,00;ST;70,17;140,34;GB;7,46;;84339000
582 63 00-02;4647569;15.12.2020;15;CYLINDER ASSY;5,00;ST;43,77;218,85;CN;1,18;;84099100
503 62 81-71;4647569;15.12.2020;16;STARTER DEVICE;2,00;ST;16,99;33,98;SE;0,50;;84679100
501 15 29-01;4647569;15.12.2020;17;FUEL TANK VENT.;5,00;ST;3,32;16,60;SE;0,05;;84818099
501 38 82-03;4647569;15.12.2020;18;CLUTCH COVER ASSY STANDARD;2,00;ST;15,81;31,62;US;0,55;;84679100
501 45 27-02;4647569;15.12.2020;19;NUT;10,00;ST;0,55;5,50;SE;0,01;;73181660
501 48 54-02;4647569;15.12.2020;20;SPARK PLUG CONN. KIT;5,00;ST;1,70;8,50;SE;0,05;;84679100
501 54 41-02;4647569;15.12.2020;21;OIL SCREEN;5,00;ST;1,10;5,50;SE;0,05;;84679100
501 54 63-01;4647569;15.12.2020;22;SCREW;5,00;ST;0,54;2,70;SE;0,04;;73181558
501 62 87-01;4647569;15.12.2020;23;ANTIVIBE ELEMENT;5,00;ST;2,16;10,80;SE;0,06;;40169991
501 62 98-01;4647569;15.12.2020;24;VALVE PLUG;5,00;ST;0,94;4,70;SE;0,01;;84819000
501 67 35-01;4647569;15.12.2020;25;SPRING;5,00;ST;0,65;3,25;SE;0,01;;73202089
501 68 68-01;4647569;15.12.2020;26;CHAIN CATCHER;20,00;ST;0,95;19,00;SE;0,08;;76169990
501 69 17-01;4647569;15.12.2020;27;COMBI TOOL;20,00;ST;1,38;27,60;CN;1,52;;82041100
501 69 17-02;4647569;15.12.2020;28;COMB.TOOL;20,00;ST;1,15;23,00;IN;2,00;;82054000
501 76 31-01;4647569;15.12.2020;29;RECOIL SPRING;20,00;ST;2,96;59,20;DE;1,10;;84833032
501 76 39-02;4647569;15.12.2020;30;VIBRATION ABSORBER;50,00;ST;1,91;95,50;SE;0,55;;73182900
501 76 88-01;4647569;15.12.2020;31;SILENCER BRACKET;20,00;ST;1,15;23,00;SE;0,20;;84679100
501 83 89-01;4647569;15.12.2020;32;SPRING;5,00;ST;1,04;5,20;SE;0,02;;73202089
501 87 31-01;4647569;15.12.2020;33;FUEL TANK VENT.;10,00;ST;1,35;13,50;SE;0,02;;84679100
502 23 52-01;4647569;15.12.2020;34;GEAR ASSY;3,00;ST;49,12;147,36;CN;1,63;;84834051
502 29 11-01;4647569;15.12.2020;35;NUT BLADE;10,00;ST;1,15;11,50;SE;0,22;;73181699
503 10 16-01;4647569;15.12.2020;36;SUCTION HOSE CPL;5,00;ST;2,23;11,15;SE;0,02;;40091100
503 10 24-05;4647569;15.12.2020;37;STARTER PULLEY;5,00;ST;3,50;17,50;BR;0,31;;84679100
503 15 98-02;4647569;15.12.2020;38;CLUTCH DRUM;20,00;ST;8,08;161,60;SE;2,00;;84679100
503 16 21-03;4647569;15.12.2020;39;GASKET;5,00;ST;0,84;4,20;SE;0,01;;40169300
503 16 31-01;4647569;15.12.2020;40;CABLE;5,00;ST;1,94;9,70;SE;0,02;;85444290
503 20 07-02;4647569;15.12.2020;41;SCREW IHSCFM;10,00;ST;0,33;3,30;TW;0,03;;73181568
503 21 43-38;4647569;15.12.2020;42;SCREW;5,00;ST;0,44;2,20;SE;0,03;;73181558
503 21 82-02;4647569;15.12.2020;43;SQUARE HEAD SCREW 5X80;10,00;ST;0,91;9,10;DK;0,14;;73181595
503 22 00-06;4647569;15.12.2020;44;NUT;10,00;ST;0,39;3,90;DE;0,03;;73181692
503 22 00-07;4647569;15.12.2020;45;NUT FLANGE;5,00;ST;0,11;0,55;CN;0,05;;73181699
503 22 24-01;4647569;15.12.2020;46;NUT;10,00;ST;0,34;3,40;FR;0,02;;73181660
503 24 09-05;4647569;15.12.2020;47;PIN;10,00;ST;0,26;2,60;DE;0,02;;73182300
503 26 02-02;4647569;15.12.2020;48;SEALING RING;5,00;ST;2,59;12,95;IT;0,02;;40169300
503 26 03-01;4647569;15.12.2020;49;SEALING;20,00;ST;2,56;51,20;IN;0,04;;40169300
503 28 32-08;4647569;15.12.2020;50;CARBURETOR;5,00;ST;24,38;121,90;CN;0,51;;84099100
503 28 90-15;4647569;15.12.2020;51;PISTON RING;10,00;ST;2,15;21,50;DE;0,03;;84099100
503 28 90-42;4647569;15.12.2020;52;PISTON RING;10,00;ST;2,92;29,20;SE;0,04;;84099100
503 40 06-04;4647569;15.12.2020;53;HOSE;5,00;ST;1,43;7,15;SE;0,02;;40091100
503 44 32-01;4647569;15.12.2020;54;FILTER;500,00;ST;1,26;630,00;SE;7,00;;84213100
503 44 32-02;4647569;15.12.2020;55;FILTER 100 PCS;5,00;ST;115,65;578,25;SE;6,75;;84212300
503 44 58-01;4647569;15.12.2020;56;TROTTLE ROD;5,00;ST;1,92;9,60;BR;0,01;;84679100
503 54 39-01;4647569;15.12.2020;57;STARTER HANDLE;5,00;ST;1,66;8,30;SE;0,10;;84679100
503 60 84-02;4647569;15.12.2020;58;CHOKE CONTROL;5,00;ST;1,26;6,30;SE;0,03;;84679100
503 60 86-01;4647569;15.12.2020;59;STARTER HOUSING;5,00;ST;8,08;40,40;BR;0,65;;84679100
503 60 88-03;4647569;15.12.2020;60;STARTER ASS'Y;3,00;ST;13,93;41,79;BR;0,75;;84679100
503 60 91-71;4647569;15.12.2020;61;CYLINDER;10,00;ST;51,44;514,40;SE;4,50;;84099100
503 62 80-01;4647569;15.12.2020;62;COVER;2,00;ST;5,20;10,40;SE;0,12;;84219990
503 62 84-01;4647569;15.12.2020;63;JET;5,00;ST;1,42;7,10;SE;0,04;;84679100
503 63 75-02;4647569;15.12.2020;64;VIBRATION ABSORBER;10,00;ST;3,57;35,70;SE;0,38;;73182900
503 63 76-03;4647569;15.12.2020;65;VIBRATION ABSORBER;10,00;ST;4,63;46,30;SE;0,44;;76169990
503 64 72-01;4647569;15.12.2020;66;GASKET SET;20,00;ST;3,56;71,20;SE;0,36;;40169300
503 71 02-03;4647569;15.12.2020;67;PAWL;10,00;ST;1,23;12,30;SE;0,06;;84679100
503 71 76-01;4647569;15.12.2020;68;WIRE;10,00;ST;3,71;37,10;SE;0,02;;85444995
503 71 82-01;4647569;15.12.2020;69;SWITCH;10,00;ST;3,59;35,90;IT;0,05;;85365011
503 71 97-01;4647569;15.12.2020;70;FELLING DOG;5,00;ST;3,56;17,80;SE;0,35;;84679100
503 73 58-01;4647569;15.12.2020;71;BUSHING;30,00;ST;1,12;33,60;TW;0,03;;40169997
503 73 81-01;4647569;15.12.2020;72;SPRING;5,00;ST;0,65;3,25;CN;0,01;;73202081
503 74 43-01;4647569;15.12.2020;73;SPRING;5,00;ST;0,86;4,30;SE;0,04;;73202089
503 75 24-01;4647569;15.12.2020;74;WASHER;10,00;ST;0,70;7,00;SE;0,06;;73182200
503 76 48-01;4647569;15.12.2020;75;PARTITION;10,00;ST;1,79;17,90;SE;0,42;;84679100
503 77 43-01;4647569;15.12.2020;76;PIPE;5,00;ST;2,23;11,15;SE;0,02;;84679100
503 77 52-01;4647569;15.12.2020;77;BUSHING;10,00;ST;1,25;12,50;SE;0,05;;73182900
503 77 59-01;4647569;15.12.2020;78;GASKET;10,00;ST;0,98;9,80;SE;0,01;;40169300
503 78 72-01;4647569;15.12.2020;79;SPRING;10,00;ST;3,00;30,00;DE;0,54;;73209030
503 85 44-01;4647569;15.12.2020;80;THROTTLE LOCK;10,00;ST;1,33;13,30;SE;0,09;;84679100
503 85 48-01;4647569;15.12.2020;81;SEALING;5,00;ST;1,44;7,20;SE;0,02;;40169300
503 85 63-01;4647569;15.12.2020;82;NUT;10,00;ST;1,11;11,10;DE;0,19;;73181699
503 85 96-01;4647569;15.12.2020;83;STARTER PULLEY;10,00;ST;3,37;33,70;PL;0,48;;84679100
503 86 25-01;4647569;15.12.2020;84;GASKET;20,00;ST;1,02;20,40;SE;0,06;;40169300
503 86 63-02;4647569;15.12.2020;85;BELLOWS;5,00;ST;4,20;21,00;SE;0,07;;84679100
503 86 64-02;4647569;15.12.2020;86;FLANGE;5,00;ST;0,85;4,25;SE;0,05;;84679100
503 86 95-02;4647569;15.12.2020;87;CONTROL;10,00;ST;1,26;12,60;SE;0,03;;84679100
503 87 33-05;4647569;15.12.2020;88;STARTER PAWL BRIDGE;5,00;ST;3,39;16,95;SE;0,14;;84679100
503 87 63-01;4647569;15.12.2020;89;STARTER PULLEY;5,00;ST;3,68;18,40;SE;0,18;;84679100
503 88 63-01;4647569;15.12.2020;90;PIN;5,00;ST;0,95;4,75;SE;0,02;;73269098
503 88 92-01;4647569;15.12.2020;91;THROTTLE ROD;20,00;ST;2,43;48,60;SE;0,10;;84679100
503 89 83-01;4647569;15.12.2020;92;INSULATOR;10,00;ST;3,39;33,90;SE;0,31;;73182900
503 92 33-01;4647569;15.12.2020;93;INSULATOR;10,00;ST;4,11;41,10;SE;0,40;;73182900
503 92 60-02;4647569;15.12.2020;94;PLATE;5,00;ST;1,54;7,70;SE;0,01;;84679100
503 93 18-01;4647569;15.12.2020;95;PINION;10,00;ST;1,94;19,40;SE;0,07;;84834025
503 93 66-01;4647569;15.12.2020;96;HOUSING;10,00;ST;2,85;28,50;JP;0,04;;84679100
504 02 86-01;4647569;15.12.2020;97;GASKET KIT;20,00;ST;4,39;87,80;CN;0,06;;40169300
504 59 70-02;4647569;15.12.2020;98;STARTER ASSY;5,00;ST;14,31;71,55;US;1,12;;84679100
505 12 87-02;4647569;15.12.2020;99;ANTIVIBRATION ELEMENT FRONT;10,00;ST;3,97;39,70;SE;0,39;;73182900
505 12 97-05;4647569;15.12.2020;100;ANTIVIBRATION ELEMENT CYLINDER;10,00;ST;3,65;36,50;SE;0,38;;73182900
505 15 79-02;4647569;15.12.2020;101;SPRING CASSETTE ASSY;10,00;ST;1,62;16,20;DE;0,45;;73209090
505 15 81-01;4647569;15.12.2020;102;STARTER PULLEY ASSY;20,00;ST;1,69;33,80;SE;0,68;;84679100
505 20 08-01;4647569;15.12.2020;103;WORM WHEEL;5,00;ST;1,44;7,20;LT;0,04;;84679100
505 27 10-01;4647569;15.12.2020;104;FILTER;5,00;ST;2,82;14,10;CN;0,08;;84212300
505 27 57-19;4647569;15.12.2020;105;SEAL RING;10,00;ST;2,59;25,90;IN;0,03;;40169300
505 30 37-35;4647569;15.12.2020;106;STARTER PULLEY;20,00;ST;3,68;73,60;BR;0,72;;84679100
505 30 92-01;4647569;15.12.2020;107;FILTER;5,00;ST;1,08;5,40;CN;0,01;;84213100
505 31 07-51;4647569;15.12.2020;108;IMPULSE PIPE;50,00;ST;1,41;70,50;SE;0,05;;40091100
505 43 53-02;4647569;15.12.2020;109;CLUTCH SPRING;20,00;ST;1,04;20,80;SE;0,08;;73202085
505 44 15-01;4647569;15.12.2020;110;CLUTCH DRUM ASSY;10,00;ST;5,45;54,50;SE;0,73;;84679100
506 01 32-02;4647569;15.12.2020;111;INLET TUBE;5,00;ST;1,99;9,95;SE;0,02;;84679100
506 01 40-04;4647569;15.12.2020;112;WIRE;10,00;ST;4,70;47,00;SE;0,04;;73121020
506 02 39-01;4647569;15.12.2020;113;PUMP PLUNGER;5,00;ST;3,94;19,70;IT;0,05;;84099100
508 04 44-09;4647569;15.12.2020;114;GASKET;5,00;ST;1,19;5,95;NO;0,03;;40169300
508 04 54-10;4647569;15.12.2020;115;PLATE;5,00;ST;0,78;3,90;NO;0,03;;84669195
510 20 53-01;4647569;15.12.2020;116;FIBER GEAR;5,00;ST;31,11;155,55;FR;1,00;;84834051
510 24 41-03;4647569;15.12.2020;117;AIR FILTER;5,00;ST;14,34;71,70;SE;1,21;;84213100
513 05 58-00;4647569;15.12.2020;118;SCREW;10,00;ST;0,44;4,40;IT;0,05;;73181568
513 56 04-01;4647569;15.12.2020;119;DAMPER;5,00;ST;1,85;9,25;JP;0,05;;84679900
513 78 93-01;4647569;15.12.2020;120;PUMP;5,00;ST;2,19;10,95;JP;0,02;;84679900
515 98 22-01;4647569;15.12.2020;121;CHOKE;10,00;ST;0,78;7,80;SE;0,04;;84679100
519 65 30-57;4647569;15.12.2020;122;PINION;10,00;ST;1,54;15,40;FR;0,30;;84834025
519 65 30-58;4647569;15.12.2020;123;BELT;5,00;ST;5,96;29,80;FR;0,54;;40103300
519 65 30-72;4647569;15.12.2020;124;SPACER SLEEVE;10,00;ST;2,21;22,10;FR;0,12;;82042000
521 88 79-01;4647569;15.12.2020;125;THROTTLE CABLE ASSY;10,00;ST;4,33;43,30;SE;0,02;;73121020
522 42 88-01;4647569;15.12.2020;126;FRONT HANDLE ASSY;2,00;ST;11,39;22,78;SE;0,51;;84679100
522 67 75-01;4647569;15.12.2020;127;HAND GUARD;5,00;ST;7,59;37,95;SE;0,67;;84679100
522 99 01-01;4647569;15.12.2020;128;PISTON RING;5,00;ST;2,50;12,50;DE;0,01;;84099100
523 04 91-01;4647569;15.12.2020;129;DEFLECTOR;5,00;ST;1,56;7,80;SE;0,11;;84679100
523 08 55-01;4647569;15.12.2020;130;DEFLECTION LIMITER;5,00;ST;1,33;6,65;SE;0,02;;84679100
525 39 12-01;4647569;15.12.2020;131;RADIAL SEAL;20,00;ST;2,69;53,80;IT;0,14;;40169300
525 43 20-01;4647569;15.12.2020;132;STARTER ASSY;3,00;ST;16,74;50,22;JP;0,80;;84679900
525 62 89-01;4647569;15.12.2020;133;CHAIN BRAKE ASS Y FRT ADJ;5,00;ST;11,77;58,85;US;1,28;;84679100
525 75 51-01;4647569;15.12.2020;134;SCREW ITXSCFM;10,00;ST;0,35;3,50;US;0,04;;73181568
530 01 58-26;4647569;15.12.2020;135;PIN;10,00;ST;0,33;3,30;US;0,03;;84679100
530 01 61-10;4647569;15.12.2020;136;SCREW;10,00;ST;0,60;6,00;CN;0,08;;73181558
530 01 61-54;4647569;15.12.2020;137;SCREW;30,00;ST;0,44;13,20;CN;0,15;;73181568
530 01 64-49;4647569;15.12.2020;138;SCREW;10,00;ST;0,28;2,80;CN;0,02;;73181568
530 01 91-70;4647569;15.12.2020;139;SEALING;10,00;ST;2,76;27,60;CN;0,08;;40169300
530 01 92-05;4647569;15.12.2020;140;GASKET;5,00;ST;0,93;4,65;CN;0,01;;40169300
530 02 11-80;4647569;15.12.2020;141;SPRING;20,00;ST;1,12;22,40;US;0,42;;73202081
530 02 98-05;4647569;15.12.2020;142;PISTON RING;10,00;ST;1,39;13,90;IN;0,02;;84099100
530 02 98-11;4647569;15.12.2020;143;AIR FILTER;5,00;ST;2,05;10,25;US;0,05;;84213100
530 02 98-14;4647569;15.12.2020;144;INDUCTION PIPE;10,00;ST;1,70;17,00;TW;0,06;;84679100
530 02 98-70;4647569;15.12.2020;145;INSULATOR;5,00;ST;2,15;10,75;TW;0,08;;84679100
530 03 11-16;4647569;15.12.2020;146;PULLER;1,00;ST;1,49;1,49;US;0,19;;82055980
530 03 55-60;4647569;15.12.2020;147;CARB. ADJ. TOOL;20,00;ST;2,82;56,40;US;0,58;;82054000
530 03 77-93;4647569;15.12.2020;148;AIR FILTER;10,00;ST;1,09;10,90;CN;0,03;;84213100
530 03 85-93;4647569;15.12.2020;149;RETAINER;10,00;ST;0,45;4,50;US;0,01;;84679100
530 04 97-00;4647569;15.12.2020;150;PARTITION;5,00;ST;3,08;15,40;US;0,20;;84679100
530 05 72-36;4647569;15.12.2020;151;TANK CAP;5,00;ST;1,91;9,55;US;0,08;;39269097
530 05 77-02;4647569;15.12.2020;152;ASSY-AIR BOX;5,00;ST;2,34;11,70;US;0,18;;84679100
530 05 79-23;4647569;15.12.2020;153;BRAKE BAND;10,00;ST;2,19;21,90;US;0,11;;84679100
530 06 92-16;4647569;15.12.2020;154;FUEL PIPE;10,00;ST;2,00;20,00;US;0,20;;40091100
530 06 94-15;4647569;15.12.2020;155;MUFFLER;5,00;ST;13,96;69,80;US;1,36;;84099100
530 06 96-08;4647569;15.12.2020;156;GASKET SET;10,00;ST;3,37;33,70;US;0,12;;40169300
530 07 12-59;4647569;15.12.2020;157;OIL PUMP;10,00;ST;6,23;62,30;US;0,42;;84133080
530 07 18-85;4647569;15.12.2020;158;KIT CYLINDER 42SAS NCC-PLATED;2,00;ST;16,93;33,86;US;1,54;;84099100
530 07 19-66;4647569;15.12.2020;159;STARTER PULLEY;5,00;ST;3,12;15,60;US;0,40;;84679100
530 07 19-87;4647569;15.12.2020;160;CARBURETOR;5,00;ST;15,18;75,90;US;0,59;;84099100
530 09 41-88;4647569;15.12.2020;161;SPRING;10,00;ST;0,85;8,50;TW;0,09;;73202089
530 09 55-64;4647569;15.12.2020;162;VAC BAG W/STRAP;3,00;ST;4,58;13,74;CN;0,68;;84339000
531 00 82-09;4647569;15.12.2020;163;WIRE;5,00;ST;9,09;45,45;FR;0,60;;73121020
531 00 82-10;4647569;15.12.2020;164;WIRE;2,00;ST;7,83;15,66;FR;0,29;;73129000
532 13 31-07;4647569;15.12.2020;165;WIRE;5,00;ST;5,37;26,85;MX;0,31;;73121020
532 19 95-34;4647569;15.12.2020;166;PULLEY;5,00;ST;4,31;21,55;US;0,51;;84835020
532 42 05-31;4647569;15.12.2020;167;TIRE;2,00;ST;20,14;40,28;US;9,30;;84339000
537 03 35-01;4647569;15.12.2020;168;CLUTH COVER;10,00;ST;13,16;131,60;SE;2,50;;84679100
537 04 30-01;4647569;15.12.2020;169;BRAKE BAND;10,00;ST;2,62;26,20;DE;0,22;;84679100
537 09 25-02;4647569;15.12.2020;170;STARTER PULLEY;5,00;ST;1,28;6,40;SE;0,19;;84835020
537 11 05-03;4647569;15.12.2020;171;CLUTCH;5,00;ST;5,54;27,70;SE;0,79;;84836020
537 12 79-01;4647569;15.12.2020;172;GASKET;20,00;ST;0,84;16,80;SE;0,02;;40169300
537 16 69-01;4647569;15.12.2020;173;SPRING;20,00;ST;1,04;20,80;SE;0,06;;73202085
537 21 52-07;4647569;15.12.2020;174;TANK CAP;20,00;ST;1,91;38,20;SE;0,32;;39235090
537 23 25-01;4647569;15.12.2020;175;HANDLE;5,00;ST;1,39;6,95;SE;0,09;;84679100
537 24 56-01;4647569;15.12.2020;176;PAWL;10,00;ST;0,48;4,80;SE;0,04;;84679100
537 24 96-02;4647569;15.12.2020;177;FLYWHEEL;2,00;ST;11,69;23,38;SE;0,53;;84835020
537 27 13-02;4647569;15.12.2020;178;CHAIN GUIDE PLATE;3,00;ST;2,52;7,56;SE;0,14;;84679100
537 28 15-01;4647569;15.12.2020;179;TANK CAP;5,00;ST;2,06;10,30;SE;0,06;;39235090
537 28 56-01;4647569;15.12.2020;180;FLANGE;3,00;ST;2,59;7,77;SE;0,08;;84679100
537 29 97-01;4647569;15.12.2020;181;SPRING;10,00;ST;4,13;41,30;SE;0,48;;73182900
537 33 43-01;4647569;15.12.2020;182;PIPE;5,00;ST;2,43;12,15;EE;0,03;;40091100
537 34 35-02;4647569;15.12.2020;183;FLANGE;10,00;ST;3,40;34,00;SE;0,50;;84679900
537 34 78-01;4647569;15.12.2020;184;KNOB;10,00;ST;5,11;51,10;SE;0,60;;84679100
537 35 52-01;4647569;15.12.2020;185;SHAFT;2,00;ST;12,23;24,46;JP;0,64;;84831095
537 35 91-01;4647569;15.12.2020;186;SPRING;20,00;ST;1,05;21,00;SE;0,18;;73202089
537 40 56-01;4647569;15.12.2020;187;CHAIN GUIDE PLATE;5,00;ST;2,19;10,95;SE;0,19;;84679100
537 42 34-01;4647569;15.12.2020;188;SPRING;20,00;ST;1,38;27,60;SE;0,60;;73202085
538 24 34-76;4647569;15.12.2020;189;CHAIN TENSIONER;5,00;ST;2,08;10,40;CZ;0,34;;84679100
538 24 39-09;4647569;15.12.2020;190;GEAR;10,00;ST;5,85;58,50;SE;1,28;;84339000
538 24 79-55;4647569;15.12.2020;191;REPAIR KIT;1,00;ST;7,56;7,56;IT;0,01;;84099100
538 24 79-56;4647569;15.12.2020;192;DIAPHRAGM SET;1,00;ST;4,18;4,18;TH;0,00;;84099100
538 24 98-02;4647569;15.12.2020;193;DIAPHRAGM+GASKET KIT,;1,00;ST;4,27;4,27;CN;0,00;;40169300
538 24 98-03;4647569;15.12.2020;194;REPAIR KIT,;1,00;ST;8,20;8,20;CN;0,00;;84679100
540 05 75-02;4647569;15.12.2020;195;SPRING CASSETTE ASSY;10,00;ST;2,83;28,30;DE;0,45;;73209090
540 05 79-01;4647569;15.12.2020;196;PUMP PISTON;30,00;ST;3,33;99,90;SE;0,30;;84099100
544 01 38-01;4647569;15.12.2020;197;SEALING;20,00;ST;2,76;55,20;IN;0,20;;40169300
544 02 95-02;4647569;15.12.2020;198;MUFFLER ASSY;5,00;ST;13,83;69,15;US;1,33;;84099100
544 12 86-01;4647569;15.12.2020;199;FUEL HOSE;10,00;ST;1,50;15,00;DK;0,04;;40091100
544 14 29-08;4647569;15.12.2020;200;CYLINDER;2,00;ST;70,04;140,08;SE;1,20;;84099100
544 18 32-01;4647569;15.12.2020;201;SHAFT;5,00;ST;13,82;69,10;IT;2,97;;84831095
544 24 87-02;4647569;15.12.2020;202;BALL BEARING;10,00;ST;1,41;14,10;CN;0,32;;84821010
544 24 88-02;4647569;15.12.2020;203;BALL BEARING;10,00;ST;1,45;14,50;CN;0,35;;84821010
544 25 12-01;4647569;15.12.2020;204;SEALING;20,00;ST;2,66;53,20;CN;0,12;;40169300
544 25 13-01;4647569;15.12.2020;205;SEALING;20,00;ST;2,61;52,20;CN;0,08;;40169300
544 28 46-01;4647569;15.12.2020;206;CHAIN GUIDE PLATE;10,00;ST;1,81;18,10;US;0,34;;84679100
544 43 50-01;4647569;15.12.2020;207;PISTON RING;10,00;ST;2,50;25,00;BR;0,03;;84099100
544 87 42-02;4647569;15.12.2020;208;FLYWHEEL ASSY;2,00;ST;18,11;36,22;SE;0,52;;84835020
544 93 25-03;4647569;15.12.2020;209;CRANKCASE ASSY;2,00;ST;22,88;45,76;US;1,17;;84679100
544 93 25-07;4647569;15.12.2020;210;VEVHUS;3,00;ST;26,32;78,96;US;1,79;;84679100
544 96 85-01;4647569;15.12.2020;211;THROTTLE CONTROL;5,00;ST;1,58;7,90;US;0,06;;84679100
544 97 20-01;4647569;15.12.2020;212;GASKET KIT;5,00;ST;3,16;15,80;SE;0,03;;40169300
545 03 38-01;4647569;15.12.2020;213;ASS Y FRONT ISOLATOR;10,00;ST;2,09;20,90;US;0,14;;73202085
545 03 39-01;4647569;15.12.2020;214;SPRING CYLINDER ASSY;10,00;ST;2,87;28,70;US;0,23;;73202085
545 03 68-01;4647569;15.12.2020;215;OIL PUMP;50,00;ST;4,50;225,00;CN;1,25;;84133080
545 03 85-01;4647569;15.12.2020;216;FILTER;100,00;ST;1,28;128,00;US;1,40;;84212300
545 06 18-01;4647569;15.12.2020;217;AIR FILTER;100,00;ST;0,46;46,00;CN;0,30;;84213100
545 07 14-01;4647569;15.12.2020;218;PLATE BAR MOUNTING;5,00;ST;2,06;10,30;US;0,06;;84679100
545 11 21-01;4647569;15.12.2020;219;FILTER, AIR;10,00;ST;1,19;11,90;TW;0,10;;84213100
545 13 74-01;4647569;15.12.2020;220;BRAKE BAND;10,00;ST;2,19;21,90;US;0,21;;84679100
545 18 08-43;4647569;15.12.2020;221;KIT MUFFLER;2,00;ST;6,83;13,66;US;0,58;;84099100
573 97 76-01;4647569;15.12.2020;222;KIT GASKET GASKET;10,00;ST;2,26;22,60;US;0,20;;40169300
574 22 37-02;4647569;15.12.2020;223;AIR FILTER ASSY;20,00;ST;1,56;31,20;CN;0,12;;84213100
574 35 84-01;4647569;15.12.2020;224;SHAFT ASSY;3,00;ST;2,39;7,17;CN;0,02;;84831095
574 51 96-01;4647569;15.12.2020;225;SPARK PLUG;10,00;ST;1,29;12,90;JP;0,25;;85111000
574 71 88-01;4647569;15.12.2020;226;CLUTCH SPRING;10,00;ST;1,04;10,40;SE;0,04;;73202085
575 26 10-05;4647569;15.12.2020;227;"CLUTCH DRUM ASSY RIM .325""7T";5,00;ST;8,08;40,40;SE;0,53;;84679100
575 27 00-03;4647569;15.12.2020;228;GASKET KIT;10,00;ST;3,62;36,20;SE;0,20;;40169300
575 35 87-01;4647569;15.12.2020;229;TRANSMISSION;2,00;ST;63,33;126,66;FR;13,30;;84834090
576 24 39-01;4647569;15.12.2020;230;BEARING;30,00;ST;3,60;108,00;US;1,62;;84828000
577 27 66-02;4647569;15.12.2020;231;CABLE TWINCONTROL VARIABLE SPE;3,00;ST;9,61;28,83;PL;0,54;;73121020
577 66 70-01;4647569;15.12.2020;232;OIL TANK;3,00;ST;5,02;15,06;CN;0,25;;84679900
577 95 83-01;4647569;15.12.2020;233;PISTON RING;5,00;ST;2,87;14,35;DE;0,03;;84099100
578 18 51-01;4647569;15.12.2020;234;WASHER;5,00;ST;2,59;12,95;US;0,21;;84679100
578 25 71-01;4647569;15.12.2020;235;CLUTCH DRUM ASSY;10,00;ST;5,38;53,80;SE;0,70;;84679100
580 31 75-01;4647569;15.12.2020;236;WIRE;5,00;ST;6,52;32,60;FR;0,80;;73129000
580 63 01-01;4647569;15.12.2020;237;TIRE;4,00;ST;22,45;89,80;PL;16,99;;40119000
580 65 35-02;4647569;15.12.2020;238;CLUTCH SPRING;10,00;ST;1,04;10,40;SE;0,07;;73202085
580 85 40-01;4647569;15.12.2020;239;HOSE;10,00;ST;2,72;27,20;CN;0,30;;40091100
580 94 09-01;4647569;15.12.2020;240;TANK CAP;20,00;ST;1,91;38,20;US;0,52;;84679100
581 75 61-16;4647569;15.12.2020;241;HOSE;10,00;ST;1,43;14,30;SE;0,06;;40091100
581 75 62-02;4647569;15.12.2020;242;HOSE;20,00;ST;1,52;30,40;EE;0,14;;40091100
584 79 18-01;4647569;15.12.2020;243;STARTER SPRING;5,00;ST;3,21;16,05;CN;0,33;;73209030
585 51 40-01;4647569;15.12.2020;244;OIL HOSE;5,00;ST;2,23;11,15;EE;0,02;;40091100
586 31 21-03;4647569;15.12.2020;245;ANTIVIBRATION ELEMENT REAR;10,00;ST;3,60;36,00;SE;0,36;;73182900
586 65 95-03;4647569;15.12.2020;246;STARTER PULLEY KIT;20,00;ST;3,50;70,00;SE;1,02;;84679100
586 79 84-01;4647569;15.12.2020;247;CLUTCH;5,00;ST;9,49;47,45;SE;1,08;;84836020
586 93 45-01;4647569;15.12.2020;248;IGNITION SYSTEM DUAL MBU-49 II;10,00;ST;12,20;122,00;JP;1,10;;85112000
587 32 95-01;4647569;15.12.2020;249;IGNITION MODULE  MINI STD D100;3,00;ST;21,40;64,20;CN;0,41;;85113000
589 80 90-02;4647569;15.12.2020;250;CLUTCH ASSY  60CC;5,00;ST;13,44;67,20;SE;0,91;;84836080
590 04 80-01;4647569;15.12.2020;251;AIR FILTER FOAM AGILE;2,00;ST;1,08;2,16;CN;0,01;;84213100
590 04 90-01;4647569;15.12.2020;252;STARTER PULLEY;1,00;ST;1,86;1,86;CN;0,03;;84679900
590 47 60-01;4647569;15.12.2020;253;SUPPORT;3,00;ST;1,55;4,65;BR;0,06;;84679100
590 64 77-01;4647569;15.12.2020;254;SPRING ANTI-VIBRATION;4,00;ST;2,46;9,84;CN;0,06;;73202089
591 46 46-01;4647569;15.12.2020;255;SERVICE KIT BAR ADJUSTER;20,00;ST;1,88;37,60;CN;1,00;;84679100
594 51 23-01;4647569;15.12.2020;256;CLUTCH ASSY;10,00;ST;9,60;96,00;SE;2,75;;84836020
597 02 44-01;4647569;15.12.2020;257;CYLINDER ASSY CYLINDER PISTON;1,00;ST;26,22;26,22;CN;0,35;;84099100
812 00 00-29;4647569;15.12.2020;258;RETAINING RING;5,00;ST;0,15;0,75;CA;0,01;;84831095
873 68 04-00;4647569;15.12.2020;259;NUT;20,00;ST;0,39;7,80;US;0,06;;73181595
587 41 23-01;4647569;15.12.2020;260;MULCH KIT!;1,00;ST;23,39;23,39;US;3,09;;82084000
587 41 23-01;4647569;15.12.2020;261;MULCH KIT!;1,00;ST;23,39;23,39;US;3,09;;82084000
501 87 47-01;4647569;15.12.2020;262;SPRING;10,00;ST;0,65;6,50;SK;0,02;;73202089
502 46 50-01;4647569;15.12.2020;263;TRIMMER GUARD 555FX MFL. ADAPT;2,00;ST;9,12;18,24;SE;1,06;;84679900
503 55 66-01;4647569;15.12.2020;264;THROTTLE LOCK;10,00;ST;1,33;13,30;SE;0,16;;84679100
505 54 11-01;4647569;15.12.2020;265;GROMMET;10,00;ST;1,95;19,50;SE;0,02;;84679900
506 02 77-01;4647569;15.12.2020;266;OIL PUMP;5,00;ST;11,91;59,55;SE;0,10;;84133020
508 04 42-70;4647569;15.12.2020;267;HOUSING;3,00;ST;7,09;21,27;NO;1,04;;84679100
525 25 06-02;4647569;15.12.2020;268;HAND GUARD;5,00;ST;6,40;32,00;SE;0,74;;84679100
530 05 79-07;4647569;15.12.2020;269;CLUTCH;3,00;ST;9,60;28,80;CN;0,37;;84836020
530 06 94-15;4647569;15.12.2020;270;MUFFLER;5,00;ST;13,96;69,80;US;1,36;;84099100
530 06 98-26;4647569;15.12.2020;271;REPAIR KIT;5,00;ST;4,74;23,70;US;0,07;;84679100
530 07 18-91;4647569;15.12.2020;272;OIL PUMP KIT;5,00;ST;5,71;28,55;US;0,19;;84133080
530 07 19-66;4647569;15.12.2020;273;STARTER PULLEY;5,00;ST;3,12;15,60;US;0,40;;84679100
531 00 78-83;4647569;15.12.2020;274;WIRE;3,00;ST;10,82;32,46;JP;0,25;;73121020
535 46 00-01;4647569;15.12.2020;275;TIRE, HIGH GRIP;4,00;ST;18,72;74,88;PL;10,52;;84339000
537 09 25-02;4647569;15.12.2020;276;STARTER PULLEY;5,00;ST;1,28;6,40;SE;0,19;;84835020
544 97 20-01;4647569;15.12.2020;277;GASKET KIT;10,00;ST;3,16;31,60;SE;0,05;;40169300
545 06 15-01;4647569;15.12.2020;278;CARB ADAPTOR SEAL;10,00;ST;1,04;10,40;TW;0,12;;40169300
573 97 76-01;4647569;15.12.2020;279;KIT GASKET GASKET;10,00;ST;2,26;22,60;US;0,20;;40169300
576 63 67-12;4647569;15.12.2020;280;CHARGING STATION ASSY HUSQVARN;2,00;ST;72,97;145,94;GB;5,66;;85044055
577 18 37-01;4647569;15.12.2020;281;THROTTLE CONTROL;5,00;ST;1,58;7,90;SE;0,05;;84679100
579 82 51-02;4647569;15.12.2020;282;CABLE ASSY LOW VOLTAGE CABLE;2,00;ST;8,50;17,00;SK;0,44;;85444290
579 82 51-04;4647569;15.12.2020;283;CABLE ASSY LOW VOLTAGE CABLE;2,00;ST;6,00;12,00;SK;0,26;;85444290
581 25 93-03;4647569;15.12.2020;284;TRANSPORT GUARD CUTTING DECK H;3,00;ST;1,98;5,94;DE;0,41;;39269097
582 05 07-01;4647569;15.12.2020;285;TRIGGER SWITCH IPX4;5,00;ST;6,10;30,50;CN;0,08;;85365019
585 31 57-01;4647569;15.12.2020;286;FILTER ELEMENT;10,00;ST;0,94;9,40;US;0,05;;84099100
585 77 27-01;4647569;15.12.2020;287;CRANKCASE COVER.PRESS-N TYPE H;2,00;ST;11,29;22,58;CN;1,94;;84314980
587 59 73-01;4647569;15.12.2020;288;CYLINDER 28CC BL/HT PLATED NIS;3,00;ST;14,63;43,89;US;1,38;;84099100
587 60 25-01;4647569;15.12.2020;289;CRANKSHAFT GVG ASSY, 3PC;2,00;ST;24,01;48,02;US;0,78;;84832000
591 46 46-01;4647569;15.12.2020;290;SERVICE KIT BAR ADJUSTER;10,00;ST;1,88;18,80;CN;0,50;;84679100
592 85 18-01;4647569;15.12.2020;291;PRINTED CIRCUIT ASSY MAIN BOAR;2,00;ST;61,29;122,58;LT;0,51;;85340090
593 16 36-01;4647569;15.12.2020;292;POWER UNIT POWER SUPPLY 1,3A T;1,00;ST;28,81;28,81;TH;0,34;;85044090
598 52 75-01;4647569;15.12.2020;293;START STOP SYSTEM PW;5,00;ST;4,51;22,55;CN;0,14;;84249080
501 83 45-04;4647569;15.12.2020;294;"BAR COVER  24""-28""";5,00;ST;2,93;14,65;CZ;1,40;;39269097
582 08 69-64;4647569;15.12.2020;295;"BAR X-FORCE 15"" 0,325 1,5  SM!";40,00;ST;11,00;440,00;NO;29,12;;84679100
582 08 69-72;4647569;15.12.2020;296;"BAR X-FORCE 18"" 0,325 1,5  SM!";100,00;ST;11,94;1194,00;NO;87,60;;84679100
582 07 53-64;4647569;15.12.2020;297;"BAR X-FORCE 15"" .325"" 1.3MM PI";50,00;ST;11,00;550,00;NO;31,70;;84679100
582 07 53-72;4647569;15.12.2020;298;"BAR X-FORCE 18"" .325"" 1.3MM PI";150,00;ST;11,94;1791,00;NO;115,20;;84679100
585 95 08-60;4647569;15.12.2020;299;"BAR X-FORCE 16"" 3/8"" 1.5 LM 11";5,00;ST;14,09;70,45;NO;4,29;;84679100
585 95 08-72;4647569;15.12.2020;300;"BAR X-FORCE 20"" 3/8"" 1.5 LM 11";40,00;ST;16,55;662,00;NO;43,52;;84679100
585 94 34-72;4647569;15.12.2020;301;"BAR X-FORCE 20"" 3/8"" 1.5 SM 11";8,00;ST;14,81;118,48;NO;8,40;;84679100
501 95 69-92;4647569;15.12.2020;302;"BAR RSN 28"" 3/8"" 1.5 LM 92DL";2,00;ST;46,09;92,18;CA;3,57;;84679100
501 95 95-45;4647569;15.12.2020;303;"BAR LAM 12"" MINI 3/8"" 1.1 SM 7";4,00;ST;7,23;28,92;CN;1,46;;84679100
501 95 95-52;4647569;15.12.2020;304;"BAR LAM 14"" 3/8"" 1.1 SM";4,00;ST;8,27;33,08;CN;1,83;;84679100
597 46 82-01;4647569;15.12.2020;305;SAW BLADE SCARLETT 200MM 22T 1;40,00;ST;7,70;308,00;JP;14,28;;82023100
580 75 42-01;4647569;15.12.2020;306;COMBI CAN 5+2.5L W TOOL HOLDER;2,00;ST;19,29;38,58;CZ;3,40;;39269097
505 69 80-02;4647569;15.12.2020;307;FUEL SPOUT NON-SPIL PETROL- &;10,00;ST;2,92;29,20;SE;0,79;;39269097
501 84 40-58;4647569;15.12.2020;308;SAW CHAIN H00 MICRO CHISEL 1/4;40,00;ST;5,95;238,00;US;5,60;;82024000
585 40 42-52;4647569;15.12.2020;309;SAW CHAIN S93G SEMI CHISEL 3/8;150,00;ST;5,33;799,50;SE;25,50;;82024000
585 40 42-56;4647569;15.12.2020;310;SAW CHAIN S93G SEMI CHISEL 3/8;30,00;ST;5,74;172,20;SE;5,52;;82024000
581 62 66-84;4647569;15.12.2020;311;"SAW CHAIN C85 CHISEL 3/8"" 1.5";30,00;ST;9,55;286,50;SE;12,54;;82024000
501 84 04-56;4647569;15.12.2020;312;SAW CHAIN H25 MICRO CHISEL .32;15,00;ST;7,00;105,00;CA;3,00;;82024000
501 84 04-64;4647569;15.12.2020;313;SAW CHAIN H25 MICRO CHISEL .32;50,00;ST;6,65;332,50;CA;13,75;;82024000
501 84 04-72;4647569;15.12.2020;314;SAW CHAIN H25 MICRO CHISEL .32;100,00;ST;7,17;717,00;CA;30,00;;82024000
503 08 87-02;4647569;15.12.2020;315;CLUTCH DRUM 0.325X7;20,00;ST;8,69;173,80;SE;2,40;;84679100
503 15 98-01;4647569;15.12.2020;316;CLUTCH DRUM;2,00;ST;5,84;11,68;SE;0,18;;84679100
503 15 98-02;4647569;15.12.2020;317;CLUTCH DRUM;15,00;ST;8,08;121,20;SE;1,50;;84679100
530 04 70-61;4647569;15.12.2020;318;CLUTCH DRUM;20,00;ST;6,02;120,40;CN;1,96;;84679100
503 98 00-02;4647569;15.12.2020;319;CLUTCH DRUM;5,00;ST;8,74;43,70;SE;0,65;;84679100
537 29 17-02;4647569;15.12.2020;320;CLUTCH DRUM;5,00;ST;6,40;32,00;SE;0,58;;84679100
505 69 81-80;4647569;15.12.2020;321;"FILE FLAT 8"" 1 PCS";24,00;ST;1,89;45,36;CN;2,88;;82031000
505 69 81-27;4647569;15.12.2020;322;"FILE KIT 0.325"" PIXEL";5,00;ST;6,74;33,70;SE;1,23;;82031000
579 65 36-01;4647569;15.12.2020;323;"FILE KIT 3/8"" MINI H37";5,00;ST;6,99;34,95;SE;1,01;;82031000
505 69 78-01;4647569;15.12.2020;324;FILE HANDLE FOR ROUND AND FLAT;40,00;ST;0,83;33,20;SE;1,68;;82031000
505 69 78-10;4647569;15.12.2020;325;FILE HANDLE FOR FLAT FILES;10,00;ST;1,13;11,30;DE;0,22;;39269097
505 69 81-10;4647569;15.12.2020;326;"FILING GAUGE .325"" H25";20,00;ST;2,81;56,20;SE;2,00;;82031000
505 69 81-08;4647569;15.12.2020;327;FILING GAUGE COMBINATION H30 .;3,00;ST;4,58;13,74;SE;0,10;;39269097
505 24 35-01;4647569;15.12.2020;328;FILING GAUGE COMBINATION H42 3;3,00;ST;4,58;13,74;SE;0,11;;39269097
598 03 58-01;4647569;15.12.2020;329;"WEDGE FELLING 5,5""";30,00;ST;2,25;67,50;SE;3,99;;39269097
595 00 39-09;4647569;15.12.2020;330;GLOVES FUNCTIONAL 16 CLASS 0 O;4,00;ST;11,34;45,36;PK;0,06;;42032910
532 18 63-85;4647569;15.12.2020;331;BLADE 3-1 LH 92 CRD;4,00;ST;7,66;30,64;US;4,08;;82084000
532 18 63-86;4647569;15.12.2020;332;BLADE 3-1 RH 92 CRD;2,00;ST;7,66;15,32;US;2,02;;82084000
532 18 63-87;4647569;15.12.2020;333;BLADE CROSS LH 92;2,00;ST;7,66;15,32;US;1,24;;82084000
532 18 63-88;4647569;15.12.2020;334;BLADE CROSS RH 92;2,00;ST;7,76;15,52;US;2,26;;82084000
587 80 85-01;4647569;15.12.2020;335;2T OIL HP 0.1L!;200,00;ST;0,68;136,00;SE;20,00;;27101981
578 03 71-02;4647569;15.12.2020;336;2T OIL LS+ 4L!;258,00;ST;12,57;3243,06;BE;993,30;;27101981
579 39 60-01;4647569;15.12.2020;337;CHAIN OIL MINERAL 1L!;960,00;ST;1,60;1536,00;DE;944,64;;27101999
582 22 73-06;4647569;15.12.2020;338;JACKET  WINTER JACKET MAN XXXL;1,00;ST;45,92;45,92;CN;1,06;;61019080
579 81 19-20;4647569;15.12.2020;339;ELITE-CUT S65 350 12 25.4/20;6,00;ST;82,63;495,78;SE;13,20;;68042100
501 45 74-02;4647569;15.12.2020;340;"RIM SPROCKET 7T .325""";10,00;ST;2,53;25,30;US;0,20;;84834025
577 48 40-01;4647569;15.12.2020;341;SPARK PLUG HQT-1 RESISTOR;700,00;ST;0,61;427,00;CZ;24,50;;85111000
590 84 40-01;4647569;15.12.2020;342;SPARK PLUG HQT-5 RESISTOR;20,00;ST;0,85;17,00;CZ;0,60;;85111000
503 89 01-02;4647569;15.12.2020;343;SUPPORT CUP SUPPORT CUP M12;10,00;ST;3,63;36,30;SE;0,96;;84679100
502 46 50-01;4647569;15.12.2020;344;TRIMMER GUARD 555FX MFL. ADAPT;2,00;ST;9,12;18,24;SE;1,06;;84679900
588 11 79-01;4647569;15.12.2020;345;COMBI GUARD 323L MFL.;1,00;ST;7,58;7,58;SE;0,26;;84679100
594 96 60-01;4647569;15.12.2020;346;FILTER BAG FLEECE - 5PCS;2,00;ST;10,10;20,20;HU;0,68;;59119099
594 96 62-01;4647569;15.12.2020;347;NOZZLE FLOOR NOZZLE - 270MM SW;2,00;ST;20,25;40,50;HU;1,03;;85087000
593 28 25-03;4647569;15.12.2020;348;ENGINE KIT;1,00;ST;195,64;195,64;SE;2,13;;84679900
537 20 33-01;4647569;15.12.2020;349;CUP;2,00;ST;2,51;5,02;SE;0,05;;84679100
;;;;;;;;;;;;
;;;;;;;;;;;;
;;;;;;;;;;;;
;;;;;;;;;;;;
;;;;;;;;;;;;
;;;;;;;;;;;;
;;;;;;;;;;;;
;;;;;;;;;;;;
;;;;;;;;;;;;
;;;;;;;;;;;;
;;;;;;;;;;;;
;;;;;;;;;;;;
;;;;;;;;;;;;
;;;;;;;;;;;;
;;;;;;;;;;;;
;;;;;;;;;;;;
;;;;;;;;;;;;
;;;;;;;;;;;;
;;;;;;;;;;;;
;;;;;;;;;;;;
;;;;;;;;;;;;
;;;;;;;;;;;;
;;;;;;;;;;;;
;;;;;;;;;;;;
;;;;;;;;;;;;
;;;;;;;;;;;;
;;;;;;;;;;;;
;;;;;;;;;;;;
;;;;;;;;;;;;
;;;;;;;;;;;;
;;;;;;;;;;;;
;;;;;;;;;;;;
;;;;;;;;;;;;
;;;;;;;;;;;;
;;;;;;;;;;;;
;;;;;;;;;;;;
;;;;;;;;;;;;
;;;;;;;;;;;;
;;;;;;;;;;;;
;;;;;;;;;;;;
;;;;;;;;;;;;
;;;;;;;;;;;;
;;;;;;;;;;;;
;;;;;;;;;;;;
;;;;;;;;;;;;
;;;;;;;;;;;;
;;;;;;;;;;;;
;;;;;;;;;;;;
;;;;;;;;;;;;
;;;;;;;;;;;;
;;;;;;;;;;;;
;;;;;;;;;;;;
;;;;;;;;;;;;
;;;;;;;;;;;;
;;;;;;;;;;;;
;;;;;;;;;;;;
;;;;;;;;;;;;
;;;;;;;;;;;;
;;;;;;;;;;;;
;;;;;;;;;;;;
;;;;;;;;;;;;
;;;;;;;;;;;;
;;;;;;;;;;;;
;;;;;;;;;;;;
;;;;;;;;;;;;
;;;;;;;;;;;;
;;;;;;;;;;;;
;;;;;;;;;;;;
;;;;;;;;;;;;
;;;;;;;;;;;;
;;;;;;;;;;;;
;;;;;;;;;;;;
;;;;;;;;;;;;
;;;;;;;;;;;;
;;;;;;;;;;;;
;;;;;;;;;;;;
;;;;;;;;;;;;
;;;;;;;;;;;;
;;;;;;;;;;;;
;;;;;;;;;;;;
;;;;;;;;;;;;
;;;;;;;;;;;;
;;;;;;;;;;;;
;;;;;;;;;;;;
;;;;;;;;;;;;
;;;;;;;;;;;;
;;;;;;;;;;;;
;;;;;;;;;;;;
;;;;;;;;;;;;
;;;;;;;;;;;;
;;;;;;;;;;;;
;;;;;;;;;;;;
;;;;;;;;;;;;
;;;;;;;;;;;;
;;;;;;;;;;;;
;;;;;;;;;;;;
;;;;;;;;;;;;
;;;;;;;;;;;;
;;;;;;;;;;;;
;;;;;;;;;;;;
;;;;;;;;;;;;
;;;;;;;;;;;;
;;;;;;;;;;;;
;;;;;;;;;;;;
;;;;;;;;;;;;
;;;;;;;;;;;;
;;;;;;;;;;;;
;;;;;;;;;;;;
;;;;;;;;;;;;
;;;;;;;;;;;;
;;;;;;;;;;;;
;;;;;;;;;;;;
;;;;;;;;;;;;
;;;;;;;;;;;;
;;;;;;;;;;;;
;;;;;;;;;;;;
;;;;;;;;;;;;
;;;;;;;;;;;;
;;;;;;;;;;;;
;;;;;;;;;;;;
;;;;;;;;;;;;
;;;;;;;;;;;;
;;;;;;;;;;;;
;;;;;;;;;;;;
;;;;;;;;;;;;
;;;;;;;;;;;;
;;;;;;;;;;;;
;;;;;;;;;;;;
;;;;;;;;;;;;
;;;;;;;;;;;;
;;;;;;;;;;;;
;;;;;;;;;;;;
;;;;;;;;;;;;
;;;;;;;;;;;;
;;;;;;;;;;;;
;;;;;;;;;;;;
;;;;;;;;;;;;
;;;;;;;;;;;;
;;;;;;;;;;;;
;;;;;;;;;;;;
;;;;;;;;;;;;
;;;;;;;;;;;;
;;;;;;;;;;;;
;;;;;;;;;;;;
;;;;;;;;;;;;
;;;;;;;;;;;;
;;;;;;;;;;;;
;;;;;;;;;;;;
;;;;;;;;;;;;
;;;;;;;;;;;;
;;;;;;;;;;;;
;;;;;;;;;;;;
;;;;;;;;;;;;
;;;;;;;;;;;;
;;;;;;;;;;;;
;;;;;;;;;;;;
;;;;;;;;;;;;
;;;;;;;;;;;;
;;;;;;;;;;;;
;;;;;;;;;;;;
;;;;;;;;;;;;
;;;;;;;;;;;;
;;;;;;;;;;;;
;;;;;;;;;;;;
;;;;;;;;;;;;
;;;;;;;;;;;;
;;;;;;;;;;;;
;;;;;;;;;;;;
;;;;;;;;;;;;
;;;;;;;;;;;;
;;;;;;;;;;;;
;;;;;;;;;;;;
;;;;;;;;;;;;
;;;;;;;;;;;;
;;;;;;;;;;;;
;;;;;;;;;;;;
;;;;;;;;;;;;
;;;;;;;;;;;;
;;;;;;;;;;;;
;;;;;;;;;;;;
;;;;;;;;;;;;
;;;;;;;;;;;;
;;;;;;;;;;;;
;;;;;;;;;;;;
;;;;;;;;;;;;
;;;;;;;;;;;;
;;;;;;;;;;;;
;;;;;;;;;;;;
;;;;;;;;;;;;
;;;;;;;;;;;;
;;;;;;;;;;;;
;;;;;;;;;;;;
;;;;;;;;;;;;
;;;;;;;;;;;;
;;;;;;;;;;;;
;;;;;;;;;;;;
;;;;;;;;;;;;
;;;;;;;;;;;;
;;;;;;;;;;;;
;;;;;;;;;;;;
;;;;;;;;;;;;
;;;;;;;;;;;;
;;;;;;;;;;;;
;;;;;;;;;;;;
;;;;;;;;;;;;
;;;;;;;;;;;;
;;;;;;;;;;;;
;;;;;;;;;;;;
;;;;;;;;;;;;
;;;;;;;;;;;;
;;;;;;;;;;;;
;;;;;;;;;;;;
;;;;;;;;;;;;
;;;;;;;;;;;;
;;;;;;;;;;;;
;;;;;;;;;;;;
;;;;;;;;;;;;
;;;;;;;;;;;;
;;;;;;;;;;;;
;;;;;;;;;;;;
;;;;;;;;;;;;
;;;;;;;;;;;;
;;;;;;;;;;;;
;;;;;;;;;;;;
;;;;;;;;;;;;
;;;;;;;;;;;;
;;;;;;;;;;;;
;;;;;;;;;;;;
;;;;;;;;;;;;
;;;;;;;;;;;;
;;;;;;;;;;;;
;;;;;;;;;;;;
;;;;;;;;;;;;
;;;;;;;;;;;;
;;;;;;;;;;;;
;;;;;;;;;;;;
;;;;;;;;;;;;
;;;;;;;;;;;;
;;;;;;;;;;;;
;;;;;;;;;;;;
;;;;;;;;;;;;
;;;;;;;;;;;;
;;;;;;;;;;;;
;;;;;;;;;;;;
;;;;;;;;;;;;
;;;;;;;;;;;;
;;;;;;;;;;;;
;;;;;;;;;;;;
;;;;;;;;;;;;
;;;;;;;;;;;;
;;;;;;;;;;;;
;;;;;;;;;;;;
;;;;;;;;;;;;
;;;;;;;;;;;;
;;;;;;;;;;;;
;;;;;;;;;;;;
;;;;;;;;;;;;
;;;;;;;;;;;;
;;;;;;;;;;;;
;;;;;;;;;;;;
;;;;;;;;;;;;
;;;;;;;;;;;;
;;;;;;;;;;;;
;;;;;;;;;;;;
;;;;;;;;;;;;
;;;;;;;;;;;;
;;;;;;;;;;;;
;;;;;;;;;;;;
;;;;;;;;;;;;
;;;;;;;;;;;;
;;;;;;;;;;;;
;;;;;;;;;;;;
;;;;;;;;;;;;
;;;;;;;;;;;;
;;;;;;;;;;;;
;;;;;;;;;;;;
;;;;;;;;;;;;
;;;;;;;;;;;;
;;;;;;;;;;;;
;;;;;;;;;;;;
;;;;;;;;;;;;
;;;;;;;;;;;;
;;;;;;;;;;;;
;;;;;;;;;;;;
;;;;;;;;;;;;
;;;;;;;;;;;;
;;;;;;;;;;;;
;;;;;;;;;;;;
;;;;;;;;;;;;
;;;;;;;;;;;;
;;;;;;;;;;;;
;;;;;;;;;;;;
;;;;;;;;;;;;
;;;;;;;;;;;;
;;;;;;;;;;;;
;;;;;;;;;;;;
;;;;;;;;;;;;
;;;;;;;;;;;;
;;;;;;;;;;;;
;;;;;;;;;;;;
;;;;;;;;;;;;
;;;;;;;;;;;;
;;;;;;;;;;;;
;;;;;;;;;;;;
;;;;;;;;;;;;
;;;;;;;;;;;;
;;;;;;;;;;;;
;;;;;;;;;;;;
;;;;;;;;;;;;
;;;;;;;;;;;;
;;;;;;;;;;;;
;;;;;;;;;;;;
;;;;;;;;;;;;
;;;;;;;;;;;;
;;;;;;;;;;;;
;;;;;;;;;;;;
;;;;;;;;;;;;
;;;;;;;;;;;;
;;;;;;;;;;;;
;;;;;;;;;;;;
;;;;;;;;;;;;
;;;;;;;;;;;;
;;;;;;;;;;;;
;;;;;;;;;;;;
;;;;;;;;;;;;
;;;;;;;;;;;;
;;;;;;;;;;;;
;;;;;;;;;;;;
;;;;;;;;;;;;
;;;;;;;;;;;;
;;;;;;;;;;;;
;;;;;;;;;;;;
;;;;;;;;;;;;
;;;;;;;;;;;;
;;;;;;;;;;;;
;;;;;;;;;;;;
;;;;;;;;;;;;
;;;;;;;;;;;;
;;;;;;;;;;;;
;;;;;;;;;;;;
;;;;;;;;;;;;
;;;;;;;;;;;;
;;;;;;;;;;;;
;;;;;;;;;;;;
;;;;;;;;;;;;
;;;;;;;;;;;;
;;;;;;;;;;;;
;;;;;;;;;;;;
;;;;;;;;;;;;
;;;;;;;;;;;;
;;;;;;;;;;;;
;;;;;;;;;;;;
;;;;;;;;;;;;
;;;;;;;;;;;;
;;;;;;;;;;;;
;;;;;;;;;;;;
;;;;;;;;;;;;
;;;;;;;;;;;;
;;;;;;;;;;;;
;;;;;;;;;;;;
;;;;;;;;;;;;
;;;;;;;;;;;;
;;;;;;;;;;;;
;;;;;;;;;;;;
;;;;;;;;;;;;
;;;;;;;;;;;;
;;;;;;;;;;;;
;;;;;;;;;;;;
;;;;;;;;;;;;
;;;;;;;;;;;;
;;;;;;;;;;;;
;;;;;;;;;;;;
;;;;;;;;;;;;
;;;;;;;;;;;;
;;;;;;;;;;;;
;;;;;;;;;;;;
;;;;;;;;;;;;
;;;;;;;;;;;;
;;;;;;;;;;;;
;;;;;;;;;;;;
;;;;;;;;;;;;
;;;;;;;;;;;;
;;;;;;;;;;;;
;;;;;;;;;;;;
;;;;;;;;;;;;
;;;;;;;;;;;;
;;;;;;;;;;;;
;;;;;;;;;;;;
;;;;;;;;;;;;
;;;;;;;;;;;;
;;;;;;;;;;;;
;;;;;;;;;;;;
;;;;;;;;;;;;
;;;;;;;;;;;;
;;;;;;;;;;;;
;;;;;;;;;;;;
;;;;;;;;;;;;
;;;;;;;;;;;;
;;;;;;;;;;;;
;;;;;;;;;;;;
;;;;;;;;;;;;
;;;;;;;;;;;;
;;;;;;;;;;;;
;;;;;;;;;;;;
;;;;;;;;;;;;
;;;;;;;;;;;;
;;;;;;;;;;;;
;;;;;;;;;;;;
;;;;;;;;;;;;
;;;;;;;;;;;;
;;;;;;;;;;;;
;;;;;;;;;;;;
;;;;;;;;;;;;
;;;;;;;;;;;;
;;;;;;;;;;;;
;;;;;;;;;;;;
;;;;;;;;;;;;
;;;;;;;;;;;;
;;;;;;;;;;;;
;;;;;;;;;;;;
;;;;;;;;;;;;
;;;;;;;;;;;;
;;;;;;;;;;;;
;;;;;;;;;;;;
;;;;;;;;;;;;
;;;;;;;;;;;;
;;;;;;;;;;;;
;;;;;;;;;;;;
;;;;;;;;;;;;
;;;;;;;;;;;;
;;;;;;;;;;;;
;;;;;;;;;;;;
;;;;;;;;;;;;
;;;;;;;;;;;;
;;;;;;;;;;;;
;;;;;;;;;;;;
;;;;;;;;;;;;
;;;;;;;;;;;;
;;;;;;;;;;;;
;;;;;;;;;;;;
;;;;;;;;;;;;
;;;;;;;;;;;;
;;;;;;;;;;;;
;;;;;;;;;;;;
;;;;;;;;;;;;
;;;;;;;;;;;;
;;;;;;;;;;;;
;;;;;;;;;;;;
;;;;;;;;;;;;
;;;;;;;;;;;;
;;;;;;;;;;;;
;;;;;;;;;;;;
;;;;;;;;;;;;
;;;;;;;;;;;;
;;;;;;;;;;;;
;;;;;;;;;;;;
;;;;;;;;;;;;
;;;;;;;;;;;;
;;;;;;;;;;;;
;;;;;;;;;;;;
;;;;;;;;;;;;
;;;;;;;;;;;;
;;;;;;;;;;;;
;;;;;;;;;;;;
;;;;;;;;;;;;
;;;;;;;;;;;;
;;;;;;;;;;;;
;;;;;;;;;;;;
;;;;;;;;;;;;
;;;;;;;;;;;;
;;;;;;;;;;;;
;;;;;;;;;;;;
;;;;;;;;;;;;
;;;;;;;;;;;;
;;;;;;;;;;;;
;;;;;;;;;;;;
;;;;;;;;;;;;
;;;;;;;;;;;;
;;;;;;;;;;;;
;;;;;;;;;;;;
;;;;;;;;;;;;
;;;;;;;;;;;;
;;;;;;;;;;;;
;;;;;;;;;;;;
;;;;;;;;;;;;
;;;;;;;;;;;;
;;;;;;;;;;;;
;;;;;;;;;;;;
;;;;;;;;;;;;
;;;;;;;;;;;;
;;;;;;;;;;;;
;;;;;;;;;;;;
;;;;;;;;;;;;
;;;;;;;;;;;;
;;;;;;;;;;;;
;;;;;;;;;;;;
;;;;;;;;;;;;
;;;;;;;;;;;;
;;;;;;;;;;;;
;;;;;;;;;;;;
;;;;;;;;;;;;
;;;;;;;;;;;;
;;;;;;;;;;;;
;;;;;;;;;;;;
;;;;;;;;;;;;
;;;;;;;;;;;;
;;;;;;;;;;;;
;;;;;;;;;;;;
;;;;;;;;;;;;
;;;;;;;;;;;;
;;;;;;;;;;;;
;;;;;;;;;;;;
;;;;;;;;;;;;
;;;;;;;;;;;;
;;;;;;;;;;;;
;;;;;;;;;;;;
;;;;;;;;;;;;
;;;;;;;;;;;;
;;;;;;;;;;;;
;;;;;;;;;;;;
;;;;;;;;;;;;
;;;;;;;;;;;;
;;;;;;;;;;;;
;;;;;;;;;;;;
;;;;;;;;;;;;
;;;;;;;;;;;;
;;;;;;;;;;;;
;;;;;;;;;;;;
;;;;;;;;;;;;
;;;;;;;;;;;;
;;;;;;;;;;;;
;;;;;;;;;;;;
;;;;;;;;;;;;
;;;;;;;;;;;;
;;;;;;;;;;;;
;;;;;;;;;;;;
;;;;;;;;;;;;
;;;;;;;;;;;;
;;;;;;;;;;;;
;;;;;;;;;;;;
;;;;;;;;;;;;
;;;;;;;;;;;;
;;;;;;;;;;;;
;;;;;;;;;;;;
;;;;;;;;;;;;
;;;;;;;;;;;;
;;;;;;;;;;;;
;;;;;;;;;;;;
;;;;;;;;;;;;
;;;;;;;;;;;;
;;;;;;;;;;;;
;;;;;;;;;;;;
;;;;;;;;;;;;
;;;;;;;;;;;;
;;;;;;;;;;;;
;;;;;;;;;;;;
;;;;;;;;;;;;
;;;;;;;;;;;;
;;;;;;;;;;;;
;;;;;;;;;;;;
;;;;;;;;;;;;
;;;;;;;;;;;;
;;;;;;;;;;;;
;;;;;;;;;;;;
;;;;;;;;;;;;
;;;;;;;;;;;;
;;;;;;;;;;;;
;;;;;;;;;;;;
;;;;;;;;;;;;
;;;;;;;;;;;;
;;;;;;;;;;;;
;;;;;;;;;;;;
;;;;;;;;;;;;
;;;;;;;;;;;;
;;;;;;;;;;;;
;;;;;;;;;;;;
;;;;;;;;;;;;
;;;;;;;;;;;;
;;;;;;;;;;;;
;;;;;;;;;;;;
;;;;;;;;;;;;
;;;;;;;;;;;;
;;;;;;;;;;;;
;;;;;;;;;;;;
;;;;;;;;;;;;
;;;;;;;;;;;;
;;;;;;;;;;;;
;;;;;;;;;;;;
;;;;;;;;;;;;
;;;;;;;;;;;;
;;;;;;;;;;;;
;;;;;;;;;;;;
;;;;;;;;;;;;
;;;;;;;;;;;;
;;;;;;;;;;;;
;;;;;;;;;;;;
;;;;;;;;;;;;
;;;;;;;;;;;;
;;;;;;;;;;;;
;;;;;;;;;;;;
;;;;;;;;;;;;
;;;;;;;;;;;;
;;;;;;;;;;;;
;;;;;;;;;;;;
;;;;;;;;;;;;
;;;;;;;;;;;;
;;;;;;;;;;;;
;;;;;;;;;;;;
;;;;;;;;;;;;
;;;;;;;;;;;;
;;;;;;;;;;;;
;;;;;;;;;;;;
;;;;;;;;;;;;
;;;;;;;;;;;;
;;;;;;;;;;;;
;;;;;;;;;;;;
;;;;;;;;;;;;
;;;;;;;;;;;;
;;;;;;;;;;;;
;;;;;;;;;;;;
;;;;;;;;;;;;
;;;;;;;;;;;;
;;;;;;;;;;;;
;;;;;;;;;;;;
;;;;;;;;;;;;
;;;;;;;;;;;;
;;;;;;;;;;;;
;;;;;;;;;;;;
;;;;;;;;;;;;
;;;;;;;;;;;;
;;;;;;;;;;;;
;;;;;;;;;;;;
;;;;;;;;;;;;
;;;;;;;;;;;;
;;;;;;;;;;;;
;;;;;;;;;;;;
;;;;;;;;;;;;
;;;;;;;;;;;;
;;;;;;;;;;;;
;;;;;;;;;;;;
;;;;;;;;;;;;
;;;;;;;;;;;;
;;;;;;;;;;;;
;;;;;;;;;;;;
;;;;;;;;;;;;
;;;;;;;;;;;;
;;;;;;;;;;;;
;;;;;;;;;;;;
;;;;;;;;;;;;
;;;;;;;;;;;;
;;;;;;;;;;;;
;;;;;;;;;;;;
;;;;;;;;;;;;
;;;;;;;;;;;;
;;;;;;;;;;;;
;;;;;;;;;;;;
;;;;;;;;;;;;
;;;;;;;;;;;;
;;;;;;;;;;;;
;;;;;;;;;;;;
;;;;;;;;;;;;
;;;;;;;;;;;;
;;;;;;;;;;;;
;;;;;;;;;;;;
;;;;;;;;;;;;
;;;;;;;;;;;;
;;;;;;;;;;;;
;;;;;;;;;;;;
;;;;;;;;;;;;
;;;;;;;;;;;;
;;;;;;;;;;;;
;;;;;;;;;;;;
;;;;;;;;;;;;
;;;;;;;;;;;;
;;;;;;;;;;;;
;;;;;;;;;;;;
;;;;;;;;;;;;
;;;;;;;;;;;;
;;;;;;;;;;;;
;;;;;;;;;;;;
;;;;;;;;;;;;
;;;;;;;;;;;;
;;;;;;;;;;;;
;;;;;;;;;;;;
;;;;;;;;;;;;
;;;;;;;;;;;;
;;;;;;;;;;;;
;;;;;;;;;;;;
;;;;;;;;;;;;
;;;;;;;;;;;;
;;;;;;;;;;;;
;;;;;;;;;;;;
;;;;;;;;;;;;
;;;;;;;;;;;;
;;;;;;;;;;;;
;;;;;;;;;;;;
;;;;;;;;;;;;
;;;;;;;;;;;;
;;;;;;;;;;;;
;;;;;;;;;;;;
;;;;;;;;;;;;
;;;;;;;;;;;;
;;;;;;;;;;;;
;;;;;;;;;;;;
;;;;;;;;;;;;
;;;;;;;;;;;;
;;;;;;;;;;;;
;;;;;;;;;;;;
;;;;;;;;;;;;
;;;;;;;;;;;;
;;;;;;;;;;;;
;;;;;;;;;;;;
;;;;;;;;;;;;
;;;;;;;;;;;;
;;;;;;;;;;;;
;;;;;;;;;;;;
;;;;;;;;;;;;
;;;;;;;;;;;;
;;;;;;;;;;;;
;;;;;;;;;;;;
;;;;;;;;;;;;
;;;;;;;;;;;;
;;;;;;;;;;;;
;;;;;;;;;;;;
;;;;;;;;;;;;
;;;;;;;;;;;;
;;;;;;;;;;;;
;;;;;;;;;;;;
;;;;;;;;;;;;
;;;;;;;;;;;;
;;;;;;;;;;;;
;;;;;;;;;;;;
;;;;;;;;;;;;
;;;;;;;;;;;;
;;;;;;;;;;;;
;;;;;;;;;;;;
;;;;;;;;;;;;
;;;;;;;;;;;;
;;;;;;;;;;;;
;;;;;;;;;;;;
;;;;;;;;;;;;
;;;;;;;;;;;;
;;;;;;;;;;;;
;;;;;;;;;;;;
;;;;;;;;;;;;
;;;;;;;;;;;;
;;;;;;;;;;;;
;;;;;;;;;;;;
;;;;;;;;;;;;
;;;;;;;;;;;;
;;;;;;;;;;;;
;;;;;;;;;;;;
;;;;;;;;;;;;
;;;;;;;;;;;;
;;;;;;;;;;;;
;;;;;;;;;;;;
;;;;;;;;;;;;
;;;;;;;;;;;;
;;;;;;;;;;;;
;;;;;;;;;;;;
;;;;;;;;;;;;
;;;;;;;;;;;;
;;;;;;;;;;;;
;;;;;;;;;;;;
;;;;;;;;;;;;
;;;;;;;;;;;;
;;;;;;;;;;;;
;;;;;;;;;;;;
;;;;;;;;;;;;
;;;;;;;;;;;;
;;;;;;;;;;;;
;;;;;;;;;;;;
;;;;;;;;;;;;
;;;;;;;;;;;;
;;;;;;;;;;;;
;;;;;;;;;;;;
;;;;;;;;;;;;
;;;;;;;;;;;;
;;;;;;;;;;;;
;;;;;;;;;;;;
;;;;;;;;;;;;
;;;;;;;;;;;;
;;;;;;;;;;;;
;;;;;;;;;;;;
;;;;;;;;;;;;
;;;;;;;;;;;;
;;;;;;;;;;;;
;;;;;;;;;;;;
;;;;;;;;;;;;
;;;;;;;;;;;;
;;;;;;;;;;;;
;;;;;;;;;;;;
;;;;;;;;;;;;
;;;;;;;;;;;;
;;;;;;;;;;;;
;;;;;;;;;;;;
;;;;;;;;;;;;
;;;;;;;;;;;;
;;;;;;;;;;;;
;;;;;;;;;;;;
;;;;;;;;;;;;
;;;;;;;;;;;;
;;;;;;;;;;;;
;;;;;;;;;;;;
;;;;;;;;;;;;
;;;;;;;;;;;;
;;;;;;;;;;;;
;;;;;;;;;;;;
;;;;;;;;;;;;
;;;;;;;;;;;;
;;;;;;;;;;;;
;;;;;;;;;;;;
;;;;;;;;;;;;
;;;;;;;;;;;;
;;;;;;;;;;;;
;;;;;;;;;;;;
;;;;;;;;;;;;
;;;;;;;;;;;;
;;;;;;;;;;;;
;;;;;;;;;;;;
;;;;;;;;;;;;
;;;;;;;;;;;;
;;;;;;;;;;;;
;;;;;;;;;;;;
;;;;;;;;;;;;
;;;;;;;;;;;;
;;;;;;;;;;;;
;;;;;;;;;;;;
;;;;;;;;;;;;
;;;;;;;;;;;;
;;;;;;;;;;;;
;;;;;;;;;;;;
;;;;;;;;;;;;
;;;;;;;;;;;;
;;;;;;;;;;;;
;;;;;;;;;;;;
;;;;;;;;;;;;
;;;;;;;;;;;;
;;;;;;;;;;;;
;;;;;;;;;;;;
;;;;;;;;;;;;
;;;;;;;;;;;;
;;;;;;;;;;;;
;;;;;;;;;;;;
;;;;;;;;;;;;
;;;;;;;;;;;;
;;;;;;;;;;;;
;;;;;;;;;;;;
;;;;;;;;;;;;
;;;;;;;;;;;;
;;;;;;;;;;;;
;;;;;;;;;;;;
;;;;;;;;;;;;
;;;;;;;;;;;;
;;;;;;;;;;;;
;;;;;;;;;;;;
;;;;;;;;;;;;
;;;;;;;;;;;;
;;;;;;;;;;;;
;;;;;;;;;;;;
;;;;;;;;;;;;
;;;;;;;;;;;;
;;;;;;;;;;;;
;;;;;;;;;;;;
;;;;;;;;;;;;
;;;;;;;;;;;;
;;;;;;;;;;;;
;;;;;;;;;;;;
;;;;;;;;;;;;
;;;;;;;;;;;;
;;;;;;;;;;;;
;;;;;;;;;;;;
;;;;;;;;;;;;
;;;;;;;;;;;;
;;;;;;;;;;;;
;;;;;;;;;;;;
;;;;;;;;;;;;
;;;;;;;;;;;;
;;;;;;;;;;;;
;;;;;;;;;;;;
;;;;;;;;;;;;
;;;;;;;;;;;;
;;;;;;;;;;;;
;;;;;;;;;;;;
;;;;;;;;;;;;
;;;;;;;;;;;;
;;;;;;;;;;;;
;;;;;;;;;;;;
;;;;;;;;;;;;
;;;;;;;;;;;;
;;;;;;;;;;;;
;;;;;;;;;;;;
;;;;;;;;;;;;
;;;;;;;;;;;;
;;;;;;;;;;;;
;;;;;;;;;;;;
;;;;;;;;;;;;
;;;;;;;;;;;;
;;;;;;;;;;;;
;;;;;;;;;;;;
;;;;;;;;;;;;
;;;;;;;;;;;;
;;;;;;;;;;;;
;;;;;;;;;;;;
;;;;;;;;;;;;
;;;;;;;;;;;;
;;;;;;;;;;;;
;;;;;;;;;;;;
;;;;;;;;;;;;
;;;;;;;;;;;;
;;;;;;;;;;;;
;;;;;;;;;;;;
;;;;;;;;;;;;
;;;;;;;;;;;;
;;;;;;;;;;;;
;;;;;;;;;;;;
;;;;;;;;;;;;
;;;;;;;;;;;;
;;;;;;;;;;;;
;;;;;;;;;;;;
;;;;;;;;;;;;
;;;;;;;;;;;;
;;;;;;;;;;;;
;;;;;;;;;;;;
;;;;;;;;;;;;
;;;;;;;;;;;;
;;;;;;;;;;;;
;;;;;;;;;;;;
;;;;;;;;;;;;
;;;;;;;;;;;;
;;;;;;;;;;;;
;;;;;;;;;;;;
;;;;;;;;;;;;
;;;;;;;;;;;;
;;;;;;;;;;;;
;;;;;;;;;;;;
;;;;;;;;;;;;
;;;;;;;;;;;;
;;;;;;;;;;;;
;;;;;;;;;;;;
;;;;;;;;;;;;
;;;;;;;;;;;;
;;;;;;;;;;;;
;;;;;;;;;;;;
;;;;;;;;;;;;
;;;;;;;;;;;;
;;;;;;;;;;;;
;;;;;;;;;;;;
;;;;;;;;;;;;
;;;;;;;;;;;;
;;;;;;;;;;;;
;;;;;;;;;;;;
;;;;;;;;;;;;
;;;;;;;;;;;;
;;;;;;;;;;;;
;;;;;;;;;;;;
;;;;;;;;;;;;
;;;;;;;;;;;;
;;;;;;;;;;;;
;;;;;;;;;;;;
;;;;;;;;;;;;
;;;;;;;;;;;;
;;;;;;;;;;;;
;;;;;;;;;;;;
;;;;;;;;;;;;
;;;;;;;;;;;;
;;;;;;;;;;;;
;;;;;;;;;;;;
;;;;;;;;;;;;
;;;;;;;;;;;;
;;;;;;;;;;;;
;;;;;;;;;;;;
;;;;;;;;;;;;
;;;;;;;;;;;;
;;;;;;;;;;;;
;;;;;;;;;;;;
;;;;;;;;;;;;
;;;;;;;;;;;;
;;;;;;;;;;;;
;;;;;;;;;;;;
;;;;;;;;;;;;
;;;;;;;;;;;;
;;;;;;;;;;;;
;;;;;;;;;;;;
;;;;;;;;;;;;
;;;;;;;;;;;;
;;;;;;;;;;;;
;;;;;;;;;;;;
;;;;;;;;;;;;
;;;;;;;;;;;;
;;;;;;;;;;;;
;;;;;;;;;;;;
;;;;;;;;;;;;
;;;;;;;;;;;;
;;;;;;;;;;;;
;;;;;;;;;;;;
;;;;;;;;;;;;
;;;;;;;;;;;;
;;;;;;;;;;;;
;;;;;;;;;;;;
;;;;;;;;;;;;
;;;;;;;;;;;;
;;;;;;;;;;;;
;;;;;;;;;;;;
;;;;;;;;;;;;
;;;;;;;;;;;;
;;;;;;;;;;;;
;;;;;;;;;;;;
;;;;;;;;;;;;
;;;;;;;;;;;;
;;;;;;;;;;;;
;;;;;;;;;;;;
;;;;;;;;;;;;
;;;;;;;;;;;;
;;;;;;;;;;;;
;;;;;;;;;;;;
;;;;;;;;;;;;
;;;;;;;;;;;;
;;;;;;;;;;;;
;;;;;;;;;;;;
;;;;;;;;;;;;
;;;;;;;;;;;;
;;;;;;;;;;;;
;;;;;;;;;;;;
;;;;;;;;;;;;
;;;;;;;;;;;;
;;;;;;;;;;;;
;;;;;;;;;;;;
;;;;;;;;;;;;
;;;;;;;;;;;;
;;;;;;;;;;;;
;;;;;;;;;;;;
;;;;;;;;;;;;
;;;;;;;;;;;;
;;;;;;;;;;;;
;;;;;;;;;;;;
;;;;;;;;;;;;
;;;;;;;;;;;;
;;;;;;;;;;;;
;;;;;;;;;;;;
;;;;;;;;;;;;
;;;;;;;;;;;;
;;;;;;;;;;;;
;;;;;;;;;;;;
;;;;;;;;;;;;
;;;;;;;;;;;;
;;;;;;;;;;;;
;;;;;;;;;;;;
;;;;;;;;;;;;
;;;;;;;;;;;;
;;;;;;;;;;;;
;;;;;;;;;;;;
;;;;;;;;;;;;
;;;;;;;;;;;;
;;;;;;;;;;;;
;;;;;;;;;;;;
;;;;;;;;;;;;
;;;;;;;;;;;;
;;;;;;;;;;;;
;;;;;;;;;;;;
;;;;;;;;;;;;
;;;;;;;;;;;;
;;;;;;;;;;;;
;;;;;;;;;;;;
;;;;;;;;;;;;
;;;;;;;;;;;;
;;;;;;;;;;;;
;;;;;;;;;;;;
;;;;;;;;;;;;
;;;;;;;;;;;;
;;;;;;;;;;;;
;;;;;;;;;;;;
;;;;;;;;;;;;
;;;;;;;;;;;;
;;;;;;;;;;;;
;;;;;;;;;;;;
;;;;;;;;;;;;
;;;;;;;;;;;;
;;;;;;;;;;;;
;;;;;;;;;;;;
;;;;;;;;;;;;
;;;;;;;;;;;;
;;;;;;;;;;;;
;;;;;;;;;;;;
;;;;;;;;;;;;
;;;;;;;;;;;;
;;;;;;;;;;;;
;;;;;;;;;;;;
;;;;;;;;;;;;
;;;;;;;;;;;;
;;;;;;;;;;;;
;;;;;;;;;;;;
;;;;;;;;;;;;
;;;;;;;;;;;;
;;;;;;;;;;;;
;;;;;;;;;;;;
;;;;;;;;;;;;
;;;;;;;;;;;;
;;;;;;;;;;;;
;;;;;;;;;;;;
;;;;;;;;;;;;
;;;;;;;;;;;;
;;;;;;;;;;;;
;;;;;;;;;;;;
;;;;;;;;;;;;
;;;;;;;;;;;;
;;;;;;;;;;;;
;;;;;;;;;;;;
;;;;;;;;;;;;
;;;;;;;;;;;;
;;;;;;;;;;;;
;;;;;;;;;;;;
;;;;;;;;;;;;
;;;;;;;;;;;;
;;;;;;;;;;;;
;;;;;;;;;;;;
;;;;;;;;;;;;
;;;;;;;;;;;;
;;;;;;;;;;;;
;;;;;;;;;;;;
;;;;;;;;;;;;
;;;;;;;;;;;;
;;;;;;;;;;;;
;;;;;;;;;;;;
;;;;;;;;;;;;
;;;;;;;;;;;;
;;;;;;;;;;;;
;;;;;;;;;;;;
;;;;;;;;;;;;
;;;;;;;;;;;;
;;;;;;;;;;;;
;;;;;;;;;;;;
;;;;;;;;;;;;
;;;;;;;;;;;;
;;;;;;;;;;;;
;;;;;;;;;;;;
;;;;;;;;;;;;
;;;;;;;;;;;;
;;;;;;;;;;;;
;;;;;;;;;;;;
;;;;;;;;;;;;
;;;;;;;;;;;;
;;;;;;;;;;;;
;;;;;;;;;;;;
;;;;;;;;;;;;
;;;;;;;;;;;;
;;;;;;;;;;;;
;;;;;;;;;;;;
;;;;;;;;;;;;
;;;;;;;;;;;;
;;;;;;;;;;;;
;;;;;;;;;;;;
;;;;;;;;;;;;
;;;;;;;;;;;;
;;;;;;;;;;;;
;;;;;;;;;;;;
;;;;;;;;;;;;
;;;;;;;;;;;;
;;;;;;;;;;;;
;;;;;;;;;;;;
;;;;;;;;;;;;
;;;;;;;;;;;;
;;;;;;;;;;;;
;;;;;;;;;;;;
;;;;;;;;;;;;
;;;;;;;;;;;;
;;;;;;;;;;;;
;;;;;;;;;;;;
;;;;;;;;;;;;
;;;;;;;;;;;;
;;;;;;;;;;;;
;;;;;;;;;;;;
;;;;;;;;;;;;
;;;;;;;;;;;;
;;;;;;;;;;;;
;;;;;;;;;;;;
;;;;;;;;;;;;
;;;;;;;;;;;;
;;;;;;;;;;;;
;;;;;;;;;;;;
;;;;;;;;;;;;
;;;;;;;;;;;;
;;;;;;;;;;;;
;;;;;;;;;;;;
;;;;;;;;;;;;
;;;;;;;;;;;;
;;;;;;;;;;;;
;;;;;;;;;;;;
;;;;;;;;;;;;
;;;;;;;;;;;;
;;;;;;;;;;;;
;;;;;;;;;;;;
;;;;;;;;;;;;
;;;;;;;;;;;;
;;;;;;;;;;;;
;;;;;;;;;;;;
;;;;;;;;;;;;
;;;;;;;;;;;;
;;;;;;;;;;;;
;;;;;;;;;;;;
;;;;;;;;;;;;
;;;;;;;;;;;;
;;;;;;;;;;;;
;;;;;;;;;;;;
;;;;;;;;;;;;
;;;;;;;;;;;;
;;;;;;;;;;;;
;;;;;;;;;;;;
;;;;;;;;;;;;
;;;;;;;;;;;;
;;;;;;;;;;;;
;;;;;;;;;;;;
;;;;;;;;;;;;
;;;;;;;;;;;;
;;;;;;;;;;;;
;;;;;;;;;;;;
;;;;;;;;;;;;
;;;;;;;;;;;;
;;;;;;;;;;;;
;;;;;;;;;;;;
;;;;;;;;;;;;
;;;;;;;;;;;;
;;;;;;;;;;;;
;;;;;;;;;;;;
;;;;;;;;;;;;
;;;;;;;;;;;;
;;;;;;;;;;;;
;;;;;;;;;;;;
;;;;;;;;;;;;
;;;;;;;;;;;;
;;;;;;;;;;;;
;;;;;;;;;;;;
;;;;;;;;;;;;
;;;;;;;;;;;;
;;;;;;;;;;;;
;;;;;;;;;;;;
;;;;;;;;;;;;
;;;;;;;;;;;;
;;;;;;;;;;;;
;;;;;;;;;;;;
;;;;;;;;;;;;
;;;;;;;;;;;;
;;;;;;;;;;;;
;;;;;;;;;;;;
;;;;;;;;;;;;
;;;;;;;;;;;;
;;;;;;;;;;;;
;;;;;;;;;;;;
;;;;;;;;;;;;
;;;;;;;;;;;;
;;;;;;;;;;;;
;;;;;;;;;;;;
;;;;;;;;;;;;
;;;;;;;;;;;;
;;;;;;;;;;;;
;;;;;;;;;;;;
;;;;;;;;;;;;
;;;;;;;;;;;;
;;;;;;;;;;;;
;;;;;;;;;;;;
;;;;;;;;;;;;
;;;;;;;;;;;;
;;;;;;;;;;;;
;;;;;;;;;;;;
;;;;;;;;;;;;
;;;;;;;;;;;;
;;;;;;;;;;;;
;;;;;;;;;;;;
;;;;;;;;;;;;
;;;;;;;;;;;;
;;;;;;;;;;;;
;;;;;;;;;;;;
;;;;;;;;;;;;
;;;;;;;;;;;;
;;;;;;;;;;;;
;;;;;;;;;;;;
;;;;;;;;;;;;
;;;;;;;;;;;;
;;;;;;;;;;;;
;;;;;;;;;;;;
;;;;;;;;;;;;
;;;;;;;;;;;;
;;;;;;;;;;;;
;;;;;;;;;;;;
;;;;;;;;;;;;
;;;;;;;;;;;;
;;;;;;;;;;;;
;;;;;;;;;;;;
;;;;;;;;;;;;
;;;;;;;;;;;;
;;;;;;;;;;;;
;;;;;;;;;;;;
;;;;;;;;;;;;
;;;;;;;;;;;;
;;;;;;;;;;;;
;;;;;;;;;;;;
;;;;;;;;;;;;
;;;;;;;;;;;;
;;;;;;;;;;;;
;;;;;;;;;;;;
;;;;;;;;;;;;
;;;;;;;;;;;;
;;;;;;;;;;;;
;;;;;;;;;;;;
;;;;;;;;;;;;
;;;;;;;;;;;;
;;;;;;;;;;;;
;;;;;;;;;;;;
;;;;;;;;;;;;
;;;;;;;;;;;;
;;;;;;;;;;;;
;;;;;;;;;;;;
;;;;;;;;;;;;
;;;;;;;;;;;;
;;;;;;;;;;;;
;;;;;;;;;;;;
;;;;;;;;;;;;
;;;;;;;;;;;;
;;;;;;;;;;;;
;;;;;;;;;;;;
;;;;;;;;;;;;
;;;;;;;;;;;;
;;;;;;;;;;;;
;;;;;;;;;;;;
;;;;;;;;;;;;
;;;;;;;;;;;;
;;;;;;;;;;;;
;;;;;;;;;;;;
;;;;;;;;;;;;
;;;;;;;;;;;;
;;;;;;;;;;;;
;;;;;;;;;;;;
;;;;;;;;;;;;
;;;;;;;;;;;;
;;;;;;;;;;;;
;;;;;;;;;;;;
;;;;;;;;;;;;
;;;;;;;;;;;;
;;;;;;;;;;;;
;;;;;;;;;;;;
;;;;;;;;;;;;
;;;;;;;;;;;;
;;;;;;;;;;;;
;;;;;;;;;;;;
;;;;;;;;;;;;
;;;;;;;;;;;;
;;;;;;;;;;;;
;;;;;;;;;;;;
;;;;;;;;;;;;
;;;;;;;;;;;;
;;;;;;;;;;;;
;;;;;;;;;;;;
;;;;;;;;;;;;
;;;;;;;;;;;;
;;;;;;;;;;;;
;;;;;;;;;;;;
;;;;;;;;;;;;
;;;;;;;;;;;;
;;;;;;;;;;;;
;;;;;;;;;;;;
;;;;;;;;;;;;
;;;;;;;;;;;;
;;;;;;;;;;;;
;;;;;;;;;;;;
;;;;;;;;;;;;
;;;;;;;;;;;;
;;;;;;;;;;;;
;;;;;;;;;;;;
;;;;;;;;;;;;
;;;;;;;;;;;;
;;;;;;;;;;;;
;;;;;;;;;;;;
;;;;;;;;;;;;
;;;;;;;;;;;;
;;;;;;;;;;;;
;;;;;;;;;;;;
;;;;;;;;;;;;
;;;;;;;;;;;;
;;;;;;;;;;;;
;;;;;;;;;;;;
;;;;;;;;;;;;
;;;;;;;;;;;;
;;;;;;;;;;;;
;;;;;;;;;;;;
;;;;;;;;;;;;
;;;;;;;;;;;;
;;;;;;;;;;;;
;;;;;;;;;;;;
;;;;;;;;;;;;
;;;;;;;;;;;;
;;;;;;;;;;;;
;;;;;;;;;;;;
;;;;;;;;;;;;
;;;;;;;;;;;;
;;;;;;;;;;;;
;;;;;;;;;;;;
;;;;;;;;;;;;
;;;;;;;;;;;;
;;;;;;;;;;;;
;;;;;;;;;;;;
;;;;;;;;;;;;
;;;;;;;;;;;;
;;;;;;;;;;;;
;;;;;;;;;;;;
;;;;;;;;;;;;
;;;;;;;;;;;;
;;;;;;;;;;;;
;;;;;;;;;;;;
;;;;;;;;;;;;
;;;;;;;;;;;;
;;;;;;;;;;;;
;;;;;;;;;;;;
;;;;;;;;;;;;
;;;;;;;;;;;;
;;;;;;;;;;;;
;;;;;;;;;;;;
;;;;;;;;;;;;
;;;;;;;;;;;;
;;;;;;;;;;;;
;;;;;;;;;;;;
;;;;;;;;;;;;
;;;;;;;;;;;;
;;;;;;;;;;;;
;;;;;;;;;;;;
;;;;;;;;;;;;
;;;;;;;;;;;;
;;;;;;;;;;;;
;;;;;;;;;;;;
;;;;;;;;;;;;
;;;;;;;;;;;;
;;;;;;;;;;;;
;;;;;;;;;;;;
;;;;;;;;;;;;
;;;;;;;;;;;;
;;;;;;;;;;;;
;;;;;;;;;;;;
;;;;;;;;;;;;
;;;;;;;;;;;;
;;;;;;;;;;;;
;;;;;;;;;;;;
;;;;;;;;;;;;
;;;;;;;;;;;;
;;;;;;;;;;;;
;;;;;;;;;;;;
;;;;;;;;;;;;
;;;;;;;;;;;;
;;;;;;;;;;;;
;;;;;;;;;;;;
;;;;;;;;;;;;
;;;;;;;;;;;;
;;;;;;;;;;;;
;;;;;;;;;;;;
;;;;;;;;;;;;
;;;;;;;;;;;;
;;;;;;;;;;;;
;;;;;;;;;;;;
;;;;;;;;;;;;
;;;;;;;;;;;;
;;;;;;;;;;;;
;;;;;;;;;;;;
;;;;;;;;;;;;
;;;;;;;;;;;;
;;;;;;;;;;;;
;;;;;;;;;;;;
;;;;;;;;;;;;
;;;;;;;;;;;;
;;;;;;;;;;;;
;;;;;;;;;;;;
;;;;;;;;;;;;
;;;;;;;;;;;;
;;;;;;;;;;;;
;;;;;;;;;;;;
;;;;;;;;;;;;
;;;;;;;;;;;;
;;;;;;;;;;;;
;;;;;;;;;;;;
;;;;;;;;;;;;
;;;;;;;;;;;;
;;;;;;;;;;;;
;;;;;;;;;;;;
;;;;;;;;;;;;
;;;;;;;;;;;;
;;;;;;;;;;;;
;;;;;;;;;;;;
;;;;;;;;;;;;
;;;;;;;;;;;;
;;;;;;;;;;;;
;;;;;;;;;;;;
;;;;;;;;;;;;
;;;;;;;;;;;;
;;;;;;;;;;;;
;;;;;;;;;;;;
;;;;;;;;;;;;
;;;;;;;;;;;;
;;;;;;;;;;;;
;;;;;;;;;;;;
;;;;;;;;;;;;
;;;;;;;;;;;;
;;;;;;;;;;;;
;;;;;;;;;;;;
;;;;;;;;;;;;
;;;;;;;;;;;;
;;;;;;;;;;;;
;;;;;;;;;;;;
;;;;;;;;;;;;
;;;;;;;;;;;;
;;;;;;;;;;;;
;;;;;;;;;;;;
;;;;;;;;;;;;
;;;;;;;;;;;;
;;;;;;;;;;;;
;;;;;;;;;;;;
;;;;;;;;;;;;
;;;;;;;;;;;;
;;;;;;;;;;;;
;;;;;;;;;;;;
;;;;;;;;;;;;
;;;;;;;;;;;;
;;;;;;;;;;;;
;;;;;;;;;;;;
;;;;;;;;;;;;
;;;;;;;;;;;;
;;;;;;;;;;;;
;;;;;;;;;;;;
;;;;;;;;;;;;
;;;;;;;;;;;;
;;;;;;;;;;;;
;;;;;;;;;;;;
;;;;;;;;;;;;
;;;;;;;;;;;;
;;;;;;;;;;;;
;;;;;;;;;;;;
;;;;;;;;;;;;
;;;;;;;;;;;;
;;;;;;;;;;;;
;;;;;;;;;;;;
;;;;;;;;;;;;
;;;;;;;;;;;;
;;;;;;;;;;;;
;;;;;;;;;;;;
;;;;;;;;;;;;
;;;;;;;;;;;;
;;;;;;;;;;;;
;;;;;;;;;;;;
;;;;;;;;;;;;
;;;;;;;;;;;;
;;;;;;;;;;;;
;;;;;;;;;;;;
;;;;;;;;;;;;
;;;;;;;;;;;;
;;;;;;;;;;;;
;;;;;;;;;;;;
;;;;;;;;;;;;
;;;;;;;;;;;;
;;;;;;;;;;;;
;;;;;;;;;;;;
;;;;;;;;;;;;
;;;;;;;;;;;;
;;;;;;;;;;;;
;;;;;;;;;;;;
;;;;;;;;;;;;
;;;;;;;;;;;;
;;;;;;;;;;;;
;;;;;;;;;;;;
;;;;;;;;;;;;
;;;;;;;;;;;;
;;;;;;;;;;;;
;;;;;;;;;;;;
;;;;;;;;;;;;
;;;;;;;;;;;;
;;;;;;;;;;;;
;;;;;;;;;;;;
;;;;;;;;;;;;
;;;;;;;;;;;;
;;;;;;;;;;;;
;;;;;;;;;;;;
;;;;;;;;;;;;
;;;;;;;;;;;;
;;;;;;;;;;;;
;;;;;;;;;;;;
;;;;;;;;;;;;
;;;;;;;;;;;;
;;;;;;;;;;;;
;;;;;;;;;;;;
;;;;;;;;;;;;
;;;;;;;;;;;;
;;;;;;;;;;;;
;;;;;;;;;;;;
;;;;;;;;;;;;
;;;;;;;;;;;;
;;;;;;;;;;;;
;;;;;;;;;;;;
;;;;;;;;;;;;
;;;;;;;;;;;;
;;;;;;;;;;;;
;;;;;;;;;;;;
;;;;;;;;;;;;
;;;;;;;;;;;;
;;;;;;;;;;;;
;;;;;;;;;;;;
;;;;;;;;;;;;
;;;;;;;;;;;;
;;;;;;;;;;;;
;;;;;;;;;;;;
;;;;;;;;;;;;
;;;;;;;;;;;;
;;;;;;;;;;;;
;;;;;;;;;;;;
;;;;;;;;;;;;
;;;;;;;;;;;;
;;;;;;;;;;;;
;;;;;;;;;;;;
;;;;;;;;;;;;
;;;;;;;;;;;;
;;;;;;;;;;;;
;;;;;;;;;;;;
;;;;;;;;;;;;
;;;;;;;;;;;;
;;;;;;;;;;;;
;;;;;;;;;;;;
;;;;;;;;;;;;
;;;;;;;;;;;;
;;;;;;;;;;;;
;;;;;;;;;;;;
;;;;;;;;;;;;
;;;;;;;;;;;;
;;;;;;;;;;;;
;;;;;;;;;;;;
;;;;;;;;;;;;
;;;;;;;;;;;;
;;;;;;;;;;;;
;;;;;;;;;;;;
;;;;;;;;;;;;
;;;;;;;;;;;;
;;;;;;;;;;;;
;;;;;;;;;;;;
;;;;;;;;;;;;
;;;;;;;;;;;;
;;;;;;;;;;;;
;;;;;;;;;;;;
;;;;;;;;;;;;
;;;;;;;;;;;;
;;;;;;;;;;;;
;;;;;;;;;;;;
;;;;;;;;;;;;
;;;;;;;;;;;;
;;;;;;;;;;;;
;;;;;;;;;;;;
;;;;;;;;;;;;
;;;;;;;;;;;;
;;;;;;;;;;;;
;;;;;;;;;;;;
;;;;;;;;;;;;
;;;;;;;;;;;;
;;;;;;;;;;;;
;;;;;;;;;;;;
;;;;;;;;;;;;
;;;;;;;;;;;;
;;;;;;;;;;;;
;;;;;;;;;;;;
;;;;;;;;;;;;
;;;;;;;;;;;;
;;;;;;;;;;;;
;;;;;;;;;;;;
;;;;;;;;;;;;
;;;;;;;;;;;;
;;;;;;;;;;;;
;;;;;;;;;;;;
;;;;;;;;;;;;
;;;;;;;;;;;;
;;;;;;;;;;;;
;;;;;;;;;;;;
;;;;;;;;;;;;
;;;;;;;;;;;;
;;;;;;;;;;;;
;;;;;;;;;;;;
;;;;;;;;;;;;
;;;;;;;;;;;;
;;;;;;;;;;;;
;;;;;;;;;;;;
;;;;;;;;;;;;
;;;;;;;;;;;;
;;;;;;;;;;;;
;;;;;;;;;;;;
;;;;;;;;;;;;
;;;;;;;;;;;;
;;;;;;;;;;;;
;;;;;;;;;;;;
;;;;;;;;;;;;
;;;;;;;;;;;;
;;;;;;;;;;;;
;;;;;;;;;;;;
;;;;;;;;;;;;
;;;;;;;;;;;;
;;;;;;;;;;;;
;;;;;;;;;;;;
;;;;;;;;;;;;
;;;;;;;;;;;;
;;;;;;;;;;;;
;;;;;;;;;;;;
;;;;;;;;;;;;
;;;;;;;;;;;;
;;;;;;;;;;;;
;;;;;;;;;;;;
;;;;;;;;;;;;
;;;;;;;;;;;;
;;;;;;;;;;;;
;;;;;;;;;;;;
;;;;;;;;;;;;
;;;;;;;;;;;;
;;;;;;;;;;;;
;;;;;;;;;;;;
;;;;;;;;;;;;
;;;;;;;;;;;;
;;;;;;;;;;;;
;;;;;;;;;;;;
;;;;;;;;;;;;
;;;;;;;;;;;;
;;;;;;;;;;;;
;;;;;;;;;;;;
;;;;;;;;;;;;
;;;;;;;;;;;;
;;;;;;;;;;;;
;;;;;;;;;;;;
;;;;;;;;;;;;
;;;;;;;;;;;;
;;;;;;;;;;;;
;;;;;;;;;;;;
;;;;;;;;;;;;
;;;;;;;;;;;;
;;;;;;;;;;;;
;;;;;;;;;;;;
;;;;;;;;;;;;
;;;;;;;;;;;;
;;;;;;;;;;;;
;;;;;;;;;;;;
;;;;;;;;;;;;
;;;;;;;;;;;;
;;;;;;;;;;;;
;;;;;;;;;;;;
;;;;;;;;;;;;
;;;;;;;;;;;;
;;;;;;;;;;;;
;;;;;;;;;;;;
;;;;;;;;;;;;
;;;;;;;;;;;;
;;;;;;;;;;;;
;;;;;;;;;;;;
;;;;;;;;;;;;
;;;;;;;;;;;;
;;;;;;;;;;;;
;;;;;;;;;;;;
;;;;;;;;;;;;
;;;;;;;;;;;;
;;;;;;;;;;;;
;;;;;;;;;;;;
;;;;;;;;;;;;
;;;;;;;;;;;;
;;;;;;;;;;;;
;;;;;;;;;;;;
;;;;;;;;;;;;
;;;;;;;;;;;;
;;;;;;;;;;;;
;;;;;;;;;;;;
;;;;;;;;;;;;
;;;;;;;;;;;;
;;;;;;;;;;;;
;;;;;;;;;;;;
;;;;;;;;;;;;
;;;;;;;;;;;;
;;;;;;;;;;;;
;;;;;;;;;;;;
;;;;;;;;;;;;
;;;;;;;;;;;;
;;;;;;;;;;;;
;;;;;;;;;;;;
;;;;;;;;;;;;
;;;;;;;;;;;;
;;;;;;;;;;;;
;;;;;;;;;;;;
;;;;;;;;;;;;
;;;;;;;;;;;;
;;;;;;;;;;;;
;;;;;;;;;;;;
;;;;;;;;;;;;
;;;;;;;;;;;;
;;;;;;;;;;;;
;;;;;;;;;;;;
;;;;;;;;;;;;
;;;;;;;;;;;;
;;;;;;;;;;;;
;;;;;;;;;;;;
;;;;;;;;;;;;
;;;;;;;;;;;;
;;;;;;;;;;;;
;;;;;;;;;;;;
;;;;;;;;;;;;
;;;;;;;;;;;;
;;;;;;;;;;;;
;;;;;;;;;;;;
;;;;;;;;;;;;
;;;;;;;;;;;;
;;;;;;;;;;;;
;;;;;;;;;;;;
;;;;;;;;;;;;
;;;;;;;;;;;;
;;;;;;;;;;;;
;;;;;;;;;;;;
;;;;;;;;;;;;
;;;;;;;;;;;;
;;;;;;;;;;;;
;;;;;;;;;;;;
;;;;;;;;;;;;
;;;;;;;;;;;;
;;;;;;;;;;;;
;;;;;;;;;;;;
;;;;;;;;;;;;
;;;;;;;;;;;;
;;;;;;;;;;;;
;;;;;;;;;;;;
;;;;;;;;;;;;
;;;;;;;;;;;;
;;;;;;;;;;;;
;;;;;;;;;;;;
;;;;;;;;;;;;
;;;;;;;;;;;;
;;;;;;;;;;;;
;;;;;;;;;;;;
;;;;;;;;;;;;
;;;;;;;;;;;;
;;;;;;;;;;;;
;;;;;;;;;;;;
;;;;;;;;;;;;
;;;;;;;;;;;;
;;;;;;;;;;;;
;;;;;;;;;;;;
;;;;;;;;;;;;
;;;;;;;;;;;;
;;;;;;;;;;;;
;;;;;;;;;;;;
;;;;;;;;;;;;
;;;;;;;;;;;;
;;;;;;;;;;;;
;;;;;;;;;;;;
;;;;;;;;;;;;
;;;;;;;;;;;;
;;;;;;;;;;;;
;;;;;;;;;;;;
;;;;;;;;;;;;
;;;;;;;;;;;;
;;;;;;;;;;;;
;;;;;;;;;;;;
;;;;;;;;;;;;
;;;;;;;;;;;;
;;;;;;;;;;;;
;;;;;;;;;;;;
;;;;;;;;;;;;
;;;;;;;;;;;;
;;;;;;;;;;;;
;;;;;;;;;;;;
;;;;;;;;;;;;
;;;;;;;;;;;;
;;;;;;;;;;;;
;;;;;;;;;;;;
;;;;;;;;;;;;
;;;;;;;;;;;;
;;;;;;;;;;;;
;;;;;;;;;;;;
;;;;;;;;;;;;
;;;;;;;;;;;;
;;;;;;;;;;;;
;;;;;;;;;;;;
;;;;;;;;;;;;
;;;;;;;;;;;;
;;;;;;;;;;;;
;;;;;;;;;;;;
;;;;;;;;;;;;
;;;;;;;;;;;;
;;;;;;;;;;;;
;;;;;;;;;;;;
;;;;;;;;;;;;
;;;;;;;;;;;;
;;;;;;;;;;;;
;;;;;;;;;;;;
;;;;;;;;;;;;
;;;;;;;;;;;;
;;;;;;;;;;;;
;;;;;;;;;;;;
;;;;;;;;;;;;
;;;;;;;;;;;;
;;;;;;;;;;;;
;;;;;;;;;;;;
;;;;;;;;;;;;
;;;;;;;;;;;;
;;;;;;;;;;;;
;;;;;;;;;;;;
;;;;;;;;;;;;
;;;;;;;;;;;;
;;;;;;;;;;;;
;;;;;;;;;;;;
;;;;;;;;;;;;
;;;;;;;;;;;;
;;;;;;;;;;;;
;;;;;;;;;;;;
;;;;;;;;;;;;
;;;;;;;;;;;;
;;;;;;;;;;;;
;;;;;;;;;;;;
;;;;;;;;;;;;
;;;;;;;;;;;;
;;;;;;;;;;;;
;;;;;;;;;;;;
;;;;;;;;;;;;
;;;;;;;;;;;;
;;;;;;;;;;;;
;;;;;;;;;;;;
;;;;;;;;;;;;
;;;;;;;;;;;;
;;;;;;;;;;;;
;;;;;;;;;;;;
;;;;;;;;;;;;
;;;;;;;;;;;;
;;;;;;;;;;;;
;;;;;;;;;;;;
;;;;;;;;;;;;
;;;;;;;;;;;;
;;;;;;;;;;;;
;;;;;;;;;;;;
;;;;;;;;;;;;
;;;;;;;;;;;;
;;;;;;;;;;;;
;;;;;;;;;;;;
;;;;;;;;;;;;
;;;;;;;;;;;;
;;;;;;;;;;;;
;;;;;;;;;;;;
;;;;;;;;;;;;
;;;;;;;;;;;;
;;;;;;;;;;;;
;;;;;;;;;;;;
;;;;;;;;;;;;
;;;;;;;;;;;;
;;;;;;;;;;;;
;;;;;;;;;;;;
;;;;;;;;;;;;
;;;;;;;;;;;;
;;;;;;;;;;;;
;;;;;;;;;;;;
;;;;;;;;;;;;
;;;;;;;;;;;;
;;;;;;;;;;;;
;;;;;;;;;;;;
;;;;;;;;;;;;
;;;;;;;;;;;;
;;;;;;;;;;;;
;;;;;;;;;;;;
;;;;;;;;;;;;
;;;;;;;;;;;;
;;;;;;;;;;;;
;;;;;;;;;;;;
;;;;;;;;;;;;
;;;;;;;;;;;;
;;;;;;;;;;;;
;;;;;;;;;;;;
;;;;;;;;;;;;
;;;;;;;;;;;;
;;;;;;;;;;;;
;;;;;;;;;;;;
;;;;;;;;;;;;
;;;;;;;;;;;;
;;;;;;;;;;;;
;;;;;;;;;;;;
;;;;;;;;;;;;
;;;;;;;;;;;;
;;;;;;;;;;;;
;;;;;;;;;;;;
;;;;;;;;;;;;
;;;;;;;;;;;;
;;;;;;;;;;;;
;;;;;;;;;;;;
;;;;;;;;;;;;
;;;;;;;;;;;;
;;;;;;;;;;;;
;;;;;;;;;;;;
;;;;;;;;;;;;
;;;;;;;;;;;;
;;;;;;;;;;;;
;;;;;;;;;;;;
;;;;;;;;;;;;
;;;;;;;;;;;;
;;;;;;;;;;;;
;;;;;;;;;;;;
;;;;;;;;;;;;
;;;;;;;;;;;;
;;;;;;;;;;;;
;;;;;;;;;;;;
;;;;;;;;;;;;
;;;;;;;;;;;;
;;;;;;;;;;;;
;;;;;;;;;;;;
;;;;;;;;;;;;
;;;;;;;;;;;;
;;;;;;;;;;;;
;;;;;;;;;;;;
;;;;;;;;;;;;
;;;;;;;;;;;;
;;;;;;;;;;;;
;;;;;;;;;;;;
;;;;;;;;;;;;
;;;;;;;;;;;;
;;;;;;;;;;;;
;;;;;;;;;;;;
;;;;;;;;;;;;
;;;;;;;;;;;;
;;;;;;;;;;;;
;;;;;;;;;;;;
;;;;;;;;;;;;
;;;;;;;;;;;;
;;;;;;;;;;;;
;;;;;;;;;;;;
;;;;;;;;;;;;
;;;;;;;;;;;;
;;;;;;;;;;;;
;;;;;;;;;;;;
;;;;;;;;;;;;
;;;;;;;;;;;;
;;;;;;;;;;;;
;;;;;;;;;;;;
;;;;;;;;;;;;
;;;;;;;;;;;;
;;;;;;;;;;;;
;;;;;;;;;;;;
;;;;;;;;;;;;
;;;;;;;;;;;;
;;;;;;;;;;;;
;;;;;;;;;;;;
;;;;;;;;;;;;
;;;;;;;;;;;;
;;;;;;;;;;;;
;;;;;;;;;;;;
;;;;;;;;;;;;
;;;;;;;;;;;;
;;;;;;;;;;;;
;;;;;;;;;;;;
;;;;;;;;;;;;
;;;;;;;;;;;;
;;;;;;;;;;;;
;;;;;;;;;;;;
;;;;;;;;;;;;
;;;;;;;;;;;;
;;;;;;;;;;;;
;;;;;;;;;;;;
;;;;;;;;;;;;
;;;;;;;;;;;;
;;;;;;;;;;;;
;;;;;;;;;;;;
;;;;;;;;;;;;
;;;;;;;;;;;;
;;;;;;;;;;;;
;;;;;;;;;;;;
;;;;;;;;;;;;
;;;;;;;;;;;;
;;;;;;;;;;;;
;;;;;;;;;;;;
;;;;;;;;;;;;
;;;;;;;;;;;;
;;;;;;;;;;;;
;;;;;;;;;;;;
;;;;;;;;;;;;
;;;;;;;;;;;;
;;;;;;;;;;;;
;;;;;;;;;;;;
;;;;;;;;;;;;
;;;;;;;;;;;;
;;;;;;;;;;;;
;;;;;;;;;;;;
;;;;;;;;;;;;
;;;;;;;;;;;;
;;;;;;;;;;;;
;;;;;;;;;;;;
;;;;;;;;;;;;
;;;;;;;;;;;;
;;;;;;;;;;;;
;;;;;;;;;;;;
;;;;;;;;;;;;
;;;;;;;;;;;;
;;;;;;;;;;;;
;;;;;;;;;;;;
;;;;;;;;;;;;
;;;;;;;;;;;;
;;;;;;;;;;;;
;;;;;;;;;;;;
;;;;;;;;;;;;
;;;;;;;;;;;;
;;;;;;;;;;;;
;;;;;;;;;;;;
;;;;;;;;;;;;
;;;;;;;;;;;;
;;;;;;;;;;;;
;;;;;;;;;;;;
;;;;;;;;;;;;
;;;;;;;;;;;;
;;;;;;;;;;;;
;;;;;;;;;;;;
;;;;;;;;;;;;
;;;;;;;;;;;;
;;;;;;;;;;;;
;;;;;;;;;;;;
;;;;;;;;;;;;
;;;;;;;;;;;;
;;;;;;;;;;;;
;;;;;;;;;;;;
;;;;;;;;;;;;
;;;;;;;;;;;;
;;;;;;;;;;;;
;;;;;;;;;;;;
;;;;;;;;;;;;
;;;;;;;;;;;;
;;;;;;;;;;;;
;;;;;;;;;;;;
;;;;;;;;;;;;
;;;;;;;;;;;;
;;;;;;;;;;;;
;;;;;;;;;;;;
;;;;;;;;;;;;
;;;;;;;;;;;;
;;;;;;;;;;;;
;;;;;;;;;;;;
;;;;;;;;;;;;
;;;;;;;;;;;;
;;;;;;;;;;;;
;;;;;;;;;;;;
;;;;;;;;;;;;
;;;;;;;;;;;;
;;;;;;;;;;;;
;;;;;;;;;;;;
;;;;;;;;;;;;
;;;;;;;;;;;;
;;;;;;;;;;;;
;;;;;;;;;;;;
;;;;;;;;;;;;
;;;;;;;;;;;;
;;;;;;;;;;;;
;;;;;;;;;;;;
;;;;;;;;;;;;
;;;;;;;;;;;;
;;;;;;;;;;;;
;;;;;;;;;;;;
;;;;;;;;;;;;
;;;;;;;;;;;;
;;;;;;;;;;;;
;;;;;;;;;;;;
;;;;;;;;;;;;
;;;;;;;;;;;;
;;;;;;;;;;;;
;;;;;;;;;;;;
;;;;;;;;;;;;
;;;;;;;;;;;;
;;;;;;;;;;;;
;;;;;;;;;;;;
;;;;;;;;;;;;
;;;;;;;;;;;;
;;;;;;;;;;;;
;;;;;;;;;;;;
;;;;;;;;;;;;
;;;;;;;;;;;;
;;;;;;;;;;;;
;;;;;;;;;;;;
;;;;;;;;;;;;
;;;;;;;;;;;;
;;;;;;;;;;;;
;;;;;;;;;;;;
;;;;;;;;;;;;
;;;;;;;;;;;;
;;;;;;;;;;;;
;;;;;;;;;;;;
;;;;;;;;;;;;
;;;;;;;;;;;;
;;;;;;;;;;;;
;;;;;;;;;;;;
;;;;;;;;;;;;
;;;;;;;;;;;;
;;;;;;;;;;;;
;;;;;;;;;;;;
;;;;;;;;;;;;
;;;;;;;;;;;;
;;;;;;;;;;;;
;;;;;;;;;;;;
;;;;;;;;;;;;
;;;;;;;;;;;;
;;;;;;;;;;;;
;;;;;;;;;;;;
;;;;;;;;;;;;
;;;;;;;;;;;;
;;;;;;;;;;;;
;;;;;;;;;;;;
;;;;;;;;;;;;
;;;;;;;;;;;;
;;;;;;;;;;;;
;;;;;;;;;;;;
;;;;;;;;;;;;
;;;;;;;;;;;;
;;;;;;;;;;;;
;;;;;;;;;;;;
;;;;;;;;;;;;
;;;;;;;;;;;;
;;;;;;;;;;;;
;;;;;;;;;;;;
;;;;;;;;;;;;
;;;;;;;;;;;;
;;;;;;;;;;;;
;;;;;;;;;;;;
;;;;;;;;;;;;
;;;;;;;;;;;;
;;;;;;;;;;;;
;;;;;;;;;;;;
;;;;;;;;;;;;
;;;;;;;;;;;;
;;;;;;;;;;;;
;;;;;;;;;;;;
;;;;;;;;;;;;
;;;;;;;;;;;;
;;;;;;;;;;;;
;;;;;;;;;;;;
;;;;;;;;;;;;
;;;;;;;;;;;;
;;;;;;;;;;;;
;;;;;;;;;;;;
;;;;;;;;;;;;
;;;;;;;;;;;;
;;;;;;;;;;;;
;;;;;;;;;;;;
;;;;;;;;;;;;
;;;;;;;;;;;;
;;;;;;;;;;;;
;;;;;;;;;;;;
;;;;;;;;;;;;
;;;;;;;;;;;;
;;;;;;;;;;;;
;;;;;;;;;;;;
;;;;;;;;;;;;
;;;;;;;;;;;;
;;;;;;;;;;;;
;;;;;;;;;;;;
;;;;;;;;;;;;
;;;;;;;;;;;;
;;;;;;;;;;;;
;;;;;;;;;;;;
;;;;;;;;;;;;
;;;;;;;;;;;;
;;;;;;;;;;;;
;;;;;;;;;;;;
;;;;;;;;;;;;
;;;;;;;;;;;;
;;;;;;;;;;;;
;;;;;;;;;;;;
;;;;;;;;;;;;
;;;;;;;;;;;;
;;;;;;;;;;;;
;;;;;;;;;;;;
;;;;;;;;;;;;
;;;;;;;;;;;;
;;;;;;;;;;;;
;;;;;;;;;;;;
;;;;;;;;;;;;
;;;;;;;;;;;;
;;;;;;;;;;;;
;;;;;;;;;;;;
;;;;;;;;;;;;
;;;;;;;;;;;;
;;;;;;;;;;;;
;;;;;;;;;;;;
;;;;;;;;;;;;
;;;;;;;;;;;;
;;;;;;;;;;;;
;;;;;;;;;;;;
;;;;;;;;;;;;
;;;;;;;;;;;;
;;;;;;;;;;;;
;;;;;;;;;;;;
;;;;;;;;;;;;
;;;;;;;;;;;;
;;;;;;;;;;;;
;;;;;;;;;;;;
;;;;;;;;;;;;
;;;;;;;;;;;;
;;;;;;;;;;;;
;;;;;;;;;;;;
;;;;;;;;;;;;
;;;;;;;;;;;;
;;;;;;;;;;;;
;;;;;;;;;;;;
;;;;;;;;;;;;
;;;;;;;;;;;;
;;;;;;;;;;;;
;;;;;;;;;;;;
;;;;;;;;;;;;
;;;;;;;;;;;;
;;;;;;;;;;;;
;;;;;;;;;;;;
;;;;;;;;;;;;
;;;;;;;;;;;;
;;;;;;;;;;;;
;;;;;;;;;;;;
;;;;;;;;;;;;
;;;;;;;;;;;;
;;;;;;;;;;;;
;;;;;;;;;;;;
;;;;;;;;;;;;
;;;;;;;;;;;;
;;;;;;;;;;;;
;;;;;;;;;;;;
;;;;;;;;;;;;
;;;;;;;;;;;;
;;;;;;;;;;;;
;;;;;;;;;;;;
;;;;;;;;;;;;
;;;;;;;;;;;;
;;;;;;;;;;;;
;;;;;;;;;;;;
;;;;;;;;;;;;
;;;;;;;;;;;;
;;;;;;;;;;;;
;;;;;;;;;;;;
;;;;;;;;;;;;
;;;;;;;;;;;;
;;;;;;;;;;;;
;;;;;;;;;;;;
;;;;;;;;;;;;
;;;;;;;;;;;;
;;;;;;;;;;;;
;;;;;;;;;;;;
;;;;;;;;;;;;
;;;;;;;;;;;;
;;;;;;;;;;;;
;;;;;;;;;;;;
;;;;;;;;;;;;
;;;;;;;;;;;;
;;;;;;;;;;;;
;;;;;;;;;;;;
;;;;;;;;;;;;
;;;;;;;;;;;;
;;;;;;;;;;;;
;;;;;;;;;;;;
;;;;;;;;;;;;
;;;;;;;;;;;;
;;;;;;;;;;;;
;;;;;;;;;;;;
;;;;;;;;;;;;
;;;;;;;;;;;;
;;;;;;;;;;;;
;;;;;;;;;;;;
;;;;;;;;;;;;
;;;;;;;;;;;;
;;;;;;;;;;;;
;;;;;;;;;;;;
;;;;;;;;;;;;
;;;;;;;;;;;;
;;;;;;;;;;;;
;;;;;;;;;;;;
;;;;;;;;;;;;
;;;;;;;;;;;;
;;;;;;;;;;;;
;;;;;;;;;;;;
;;;;;;;;;;;;
;;;;;;;;;;;;
;;;;;;;;;;;;
;;;;;;;;;;;;
;;;;;;;;;;;;
;;;;;;;;;;;;
;;;;;;;;;;;;
;;;;;;;;;;;;
;;;;;;;;;;;;
;;;;;;;;;;;;
;;;;;;;;;;;;
;;;;;;;;;;;;
;;;;;;;;;;;;
;;;;;;;;;;;;
;;;;;;;;;;;;
;;;;;;;;;;;;
;;;;;;;;;;;;
;;;;;;;;;;;;
;;;;;;;;;;;;
;;;;;;;;;;;;
;;;;;;;;;;;;
;;;;;;;;;;;;
;;;;;;;;;;;;
;;;;;;;;;;;;
;;;;;;;;;;;;
;;;;;;;;;;;;
;;;;;;;;;;;;
;;;;;;;;;;;;
;;;;;;;;;;;;
;;;;;;;;;;;;
;;;;;;;;;;;;
;;;;;;;;;;;;
;;;;;;;;;;;;
;;;;;;;;;;;;
;;;;;;;;;;;;
;;;;;;;;;;;;
;;;;;;;;;;;;
;;;;;;;;;;;;
;;;;;;;;;;;;
;;;;;;;;;;;;
;;;;;;;;;;;;
;;;;;;;;;;;;
;;;;;;;;;;;;
;;;;;;;;;;;;
;;;;;;;;;;;;
;;;;;;;;;;;;
;;;;;;;;;;;;
;;;;;;;;;;;;
;;;;;;;;;;;;
;;;;;;;;;;;;
;;;;;;;;;;;;
;;;;;;;;;;;;
;;;;;;;;;;;;
;;;;;;;;;;;;
;;;;;;;;;;;;
;;;;;;;;;;;;
;;;;;;;;;;;;
;;;;;;;;;;;;
;;;;;;;;;;;;
;;;;;;;;;;;;
;;;;;;;;;;;;
;;;;;;;;;;;;
;;;;;;;;;;;;
;;;;;;;;;;;;
;;;;;;;;;;;;
;;;;;;;;;;;;
;;;;;;;;;;;;
;;;;;;;;;;;;
;;;;;;;;;;;;
;;;;;;;;;;;;
;;;;;;;;;;;;
;;;;;;;;;;;;
;;;;;;;;;;;;
;;;;;;;;;;;;
;;;;;;;;;;;;
;;;;;;;;;;;;
;;;;;;;;;;;;
;;;;;;;;;;;;
;;;;;;;;;;;;
;;;;;;;;;;;;
;;;;;;;;;;;;
;;;;;;;;;;;;
;;;;;;;;;;;;
;;;;;;;;;;;;
;;;;;;;;;;;;
;;;;;;;;;;;;
;;;;;;;;;;;;
;;;;;;;;;;;;
;;;;;;;;;;;;
;;;;;;;;;;;;
;;;;;;;;;;;;
;;;;;;;;;;;;
;;;;;;;;;;;;
;;;;;;;;;;;;
;;;;;;;;;;;;
;;;;;;;;;;;;
;;;;;;;;;;;;
;;;;;;;;;;;;
;;;;;;;;;;;;
;;;;;;;;;;;;
;;;;;;;;;;;;
;;;;;;;;;;;;
;;;;;;;;;;;;
;;;;;;;;;;;;
;;;;;;;;;;;;
;;;;;;;;;;;;
;;;;;;;;;;;;
;;;;;;;;;;;;
;;;;;;;;;;;;
;;;;;;;;;;;;
;;;;;;;;;;;;
;;;;;;;;;;;;
;;;;;;;;;;;;
;;;;;;;;;;;;
;;;;;;;;;;;;
;;;;;;;;;;;;
;;;;;;;;;;;;
;;;;;;;;;;;;
;;;;;;;;;;;;
;;;;;;;;;;;;
;;;;;;;;;;;;
;;;;;;;;;;;;
;;;;;;;;;;;;
;;;;;;;;;;;;
;;;;;;;;;;;;
;;;;;;;;;;;;
;;;;;;;;;;;;
;;;;;;;;;;;;
;;;;;;;;;;;;
;;;;;;;;;;;;
;;;;;;;;;;;;
;;;;;;;;;;;;
;;;;;;;;;;;;
;;;;;;;;;;;;
;;;;;;;;;;;;
;;;;;;;;;;;;
;;;;;;;;;;;;
;;;;;;;;;;;;
;;;;;;;;;;;;
;;;;;;;;;;;;
;;;;;;;;;;;;
;;;;;;;;;;;;
;;;;;;;;;;;;
;;;;;;;;;;;;
;;;;;;;;;;;;
;;;;;;;;;;;;
;;;;;;;;;;;;
;;;;;;;;;;;;
;;;;;;;;;;;;
;;;;;;;;;;;;
;;;;;;;;;;;;
;;;;;;;;;;;;
;;;;;;;;;;;;
;;;;;;;;;;;;
;;;;;;;;;;;;
;;;;;;;;;;;;
;;;;;;;;;;;;
;;;;;;;;;;;;
;;;;;;;;;;;;
;;;;;;;;;;;;
;;;;;;;;;;;;
;;;;;;;;;;;;
;;;;;;;;;;;;
;;;;;;;;;;;;
;;;;;;;;;;;;
;;;;;;;;;;;;
;;;;;;;;;;;;
;;;;;;;;;;;;
;;;;;;;;;;;;
;;;;;;;;;;;;
;;;;;;;;;;;;
;;;;;;;;;;;;
;;;;;;;;;;;;
;;;;;;;;;;;;
;;;;;;;;;;;;
;;;;;;;;;;;;
;;;;;;;;;;;;
;;;;;;;;;;;;
;;;;;;;;;;;;
;;;;;;;;;;;;
;;;;;;;;;;;;
;;;;;;;;;;;;
;;;;;;;;;;;;
;;;;;;;;;;;;
;;;;;;;;;;;;
;;;;;;;;;;;;
;;;;;;;;;;;;
;;;;;;;;;;;;
;;;;;;;;;;;;
;;;;;;;;;;;;
;;;;;;;;;;;;
;;;;;;;;;;;;
;;;;;;;;;;;;
;;;;;;;;;;;;
;;;;;;;;;;;;
;;;;;;;;;;;;
;;;;;;;;;;;;
;;;;;;;;;;;;
;;;;;;;;;;;;
;;;;;;;;;;;;
;;;;;;;;;;;;
;;;;;;;;;;;;
;;;;;;;;;;;;
;;;;;;;;;;;;
;;;;;;;;;;;;
;;;;;;;;;;;;
;;;;;;;;;;;;
;;;;;;;;;;;;
;;;;;;;;;;;;
;;;;;;;;;;;;
;;;;;;;;;;;;
;;;;;;;;;;;;
;;;;;;;;;;;;
;;;;;;;;;;;;
;;;;;;;;;;;;
;;;;;;;;;;;;
;;;;;;;;;;;;
;;;;;;;;;;;;
;;;;;;;;;;;;
;;;;;;;;;;;;
;;;;;;;;;;;;
;;;;;;;;;;;;
;;;;;;;;;;;;
;;;;;;;;;;;;
;;;;;;;;;;;;
;;;;;;;;;;;;
;;;;;;;;;;;;
;;;;;;;;;;;;
;;;;;;;;;;;;
;;;;;;;;;;;;
;;;;;;;;;;;;
;;;;;;;;;;;;
;;;;;;;;;;;;
;;;;;;;;;;;;
;;;;;;;;;;;;
;;;;;;;;;;;;
;;;;;;;;;;;;
;;;;;;;;;;;;
;;;;;;;;;;;;
;;;;;;;;;;;;
;;;;;;;;;;;;
;;;;;;;;;;;;
;;;;;;;;;;;;
;;;;;;;;;;;;
;;;;;;;;;;;;
;;;;;;;;;;;;
;;;;;;;;;;;;
;;;;;;;;;;;;
;;;;;;;;;;;;
;;;;;;;;;;;;
;;;;;;;;;;;;
;;;;;;;;;;;;
;;;;;;;;;;;;
;;;;;;;;;;;;
;;;;;;;;;;;;
;;;;;;;;;;;;
;;;;;;;;;;;;
;;;;;;;;;;;;
;;;;;;;;;;;;
;;;;;;;;;;;;
;;;;;;;;;;;;
;;;;;;;;;;;;
;;;;;;;;;;;;
;;;;;;;;;;;;
;;;;;;;;;;;;
;;;;;;;;;;;;
;;;;;;;;;;;;
;;;;;;;;;;;;
;;;;;;;;;;;;
;;;;;;;;;;;;
;;;;;;;;;;;;
;;;;;;;;;;;;
;;;;;;;;;;;;
;;;;;;;;;;;;
;;;;;;;;;;;;
;;;;;;;;;;;;
;;;;;;;;;;;;
;;;;;;;;;;;;
;;;;;;;;;;;;
;;;;;;;;;;;;
;;;;;;;;;;;;
;;;;;;;;;;;;
;;;;;;;;;;;;
;;;;;;;;;;;;
;;;;;;;;;;;;
;;;;;;;;;;;;
;;;;;;;;;;;;
;;;;;;;;;;;;
;;;;;;;;;;;;
;;;;;;;;;;;;
;;;;;;;;;;;;
;;;;;;;;;;;;
;;;;;;;;;;;;
;;;;;;;;;;;;
;;;;;;;;;;;;
;;;;;;;;;;;;
;;;;;;;;;;;;
;;;;;;;;;;;;
;;;;;;;;;;;;
;;;;;;;;;;;;
;;;;;;;;;;;;
;;;;;;;;;;;;
;;;;;;;;;;;;
;;;;;;;;;;;;
;;;;;;;;;;;;
;;;;;;;;;;;;
;;;;;;;;;;;;
;;;;;;;;;;;;
;;;;;;;;;;;;
;;;;;;;;;;;;
;;;;;;;;;;;;
;;;;;;;;;;;;
;;;;;;;;;;;;
;;;;;;;;;;;;
;;;;;;;;;;;;
;;;;;;;;;;;;
;;;;;;;;;;;;
;;;;;;;;;;;;
;;;;;;;;;;;;
;;;;;;;;;;;;
;;;;;;;;;;;;
;;;;;;;;;;;;
;;;;;;;;;;;;
;;;;;;;;;;;;
;;;;;;;;;;;;
;;;;;;;;;;;;
;;;;;;;;;;;;
;;;;;;;;;;;;
;;;;;;;;;;;;
;;;;;;;;;;;;
;;;;;;;;;;;;
;;;;;;;;;;;;
;;;;;;;;;;;;
;;;;;;;;;;;;
;;;;;;;;;;;;
;;;;;;;;;;;;
;;;;;;;;;;;;
;;;;;;;;;;;;
;;;;;;;;;;;;
;;;;;;;;;;;;
;;;;;;;;;;;;
;;;;;;;;;;;;
;;;;;;;;;;;;
;;;;;;;;;;;;
;;;;;;;;;;;;
;;;;;;;;;;;;
;;;;;;;;;;;;
;;;;;;;;;;;;
;;;;;;;;;;;;
;;;;;;;;;;;;
;;;;;;;;;;;;
;;;;;;;;;;;;
;;;;;;;;;;;;
;;;;;;;;;;;;
;;;;;;;;;;;;
;;;;;;;;;;;;
;;;;;;;;;;;;
;;;;;;;;;;;;
;;;;;;;;;;;;
;;;;;;;;;;;;
;;;;;;;;;;;;
;;;;;;;;;;;;
;;;;;;;;;;;;
;;;;;;;;;;;;
;;;;;;;;;;;;
;;;;;;;;;;;;
;;;;;;;;;;;;
;;;;;;;;;;;;
;;;;;;;;;;;;
;;;;;;;;;;;;
;;;;;;;;;;;;
;;;;;;;;;;;;
;;;;;;;;;;;;
;;;;;;;;;;;;
;;;;;;;;;;;;
;;;;;;;;;;;;
;;;;;;;;;;;;
;;;;;;;;;;;;
;;;;;;;;;;;;
;;;;;;;;;;;;
;;;;;;;;;;;;
;;;;;;;;;;;;
;;;;;;;;;;;;
;;;;;;;;;;;;
;;;;;;;;;;;;
;;;;;;;;;;;;
;;;;;;;;;;;;
;;;;;;;;;;;;
;;;;;;;;;;;;
;;;;;;;;;;;;
;;;;;;;;;;;;
;;;;;;;;;;;;
;;;;;;;;;;;;
;;;;;;;;;;;;
;;;;;;;;;;;;
;;;;;;;;;;;;
;;;;;;;;;;;;
;;;;;;;;;;;;
;;;;;;;;;;;;
;;;;;;;;;;;;
;;;;;;;;;;;;
;;;;;;;;;;;;
;;;;;;;;;;;;
;;;;;;;;;;;;
;;;;;;;;;;;;
;;;;;;;;;;;;
;;;;;;;;;;;;
;;;;;;;;;;;;
;;;;;;;;;;;;
;;;;;;;;;;;;
;;;;;;;;;;;;
;;;;;;;;;;;;
;;;;;;;;;;;;
;;;;;;;;;;;;
;;;;;;;;;;;;
;;;;;;;;;;;;
;;;;;;;;;;;;
;;;;;;;;;;;;
;;;;;;;;;;;;
;;;;;;;;;;;;
;;;;;;;;;;;;
;;;;;;;;;;;;
;;;;;;;;;;;;
;;;;;;;;;;;;
;;;;;;;;;;;;
;;;;;;;;;;;;
;;;;;;;;;;;;
;;;;;;;;;;;;
;;;;;;;;;;;;
;;;;;;;;;;;;
;;;;;;;;;;;;
;;;;;;;;;;;;
;;;;;;;;;;;;
;;;;;;;;;;;;
;;;;;;;;;;;;
;;;;;;;;;;;;
;;;;;;;;;;;;
;;;;;;;;;;;;
;;;;;;;;;;;;
;;;;;;;;;;;;
;;;;;;;;;;;;
;;;;;;;;;;;;
;;;;;;;;;;;;
;;;;;;;;;;;;
;;;;;;;;;;;;
;;;;;;;;;;;;
;;;;;;;;;;;;
;;;;;;;;;;;;
;;;;;;;;;;;;
;;;;;;;;;;;;
;;;;;;;;;;;;
;;;;;;;;;;;;
;;;;;;;;;;;;
;;;;;;;;;;;;
;;;;;;;;;;;;
;;;;;;;;;;;;
;;;;;;;;;;;;
;;;;;;;;;;;;
;;;;;;;;;;;;
;;;;;;;;;;;;
;;;;;;;;;;;;
;;;;;;;;;;;;
;;;;;;;;;;;;
;;;;;;;;;;;;
;;;;;;;;;;;;
;;;;;;;;;;;;
;;;;;;;;;;;;
;;;;;;;;;;;;
;;;;;;;;;;;;
;;;;;;;;;;;;
;;;;;;;;;;;;
;;;;;;;;;;;;
;;;;;;;;;;;;
;;;;;;;;;;;;
;;;;;;;;;;;;
;;;;;;;;;;;;
;;;;;;;;;;;;
;;;;;;;;;;;;
;;;;;;;;;;;;
;;;;;;;;;;;;
;;;;;;;;;;;;
;;;;;;;;;;;;
;;;;;;;;;;;;
;;;;;;;;;;;;
;;;;;;;;;;;;
;;;;;;;;;;;;
;;;;;;;;;;;;
;;;;;;;;;;;;
;;;;;;;;;;;;
;;;;;;;;;;;;
;;;;;;;;;;;;
;;;;;;;;;;;;
;;;;;;;;;;;;
;;;;;;;;;;;;
;;;;;;;;;;;;
;;;;;;;;;;;;
;;;;;;;;;;;;
;;;;;;;;;;;;
;;;;;;;;;;;;
;;;;;;;;;;;;
;;;;;;;;;;;;
;;;;;;;;;;;;
;;;;;;;;;;;;
;;;;;;;;;;;;
;;;;;;;;;;;;
;;;;;;;;;;;;
;;;;;;;;;;;;
;;;;;;;;;;;;
;;;;;;;;;;;;
;;;;;;;;;;;;
;;;;;;;;;;;;
;;;;;;;;;;;;
;;;;;;;;;;;;
;;;;;;;;;;;;
;;;;;;;;;;;;
;;;;;;;;;;;;
;;;;;;;;;;;;
;;;;;;;;;;;;
;;;;;;;;;;;;
;;;;;;;;;;;;
;;;;;;;;;;;;
;;;;;;;;;;;;
;;;;;;;;;;;;
;;;;;;;;;;;;
;;;;;;;;;;;;
;;;;;;;;;;;;
;;;;;;;;;;;;
;;;;;;;;;;;;
;;;;;;;;;;;;
;;;;;;;;;;;;
;;;;;;;;;;;;
;;;;;;;;;;;;
;;;;;;;;;;;;
;;;;;;;;;;;;
;;;;;;;;;;;;
;;;;;;;;;;;;
;;;;;;;;;;;;
;;;;;;;;;;;;
;;;;;;;;;;;;
;;;;;;;;;;;;
;;;;;;;;;;;;
;;;;;;;;;;;;
;;;;;;;;;;;;
;;;;;;;;;;;;
;;;;;;;;;;;;
;;;;;;;;;;;;
;;;;;;;;;;;;
;;;;;;;;;;;;
;;;;;;;;;;;;
;;;;;;;;;;;;
;;;;;;;;;;;;
;;;;;;;;;;;;
;;;;;;;;;;;;
;;;;;;;;;;;;
;;;;;;;;;;;;
;;;;;;;;;;;;
;;;;;;;;;;;;
;;;;;;;;;;;;
;;;;;;;;;;;;
;;;;;;;;;;;;
;;;;;;;;;;;;
;;;;;;;;;;;;
;;;;;;;;;;;;
;;;;;;;;;;;;
;;;;;;;;;;;;
;;;;;;;;;;;;
;;;;;;;;;;;;
;;;;;;;;;;;;
;;;;;;;;;;;;
;;;;;;;;;;;;
;;;;;;;;;;;;
;;;;;;;;;;;;
;;;;;;;;;;;;
;;;;;;;;;;;;
;;;;;;;;;;;;
;;;;;;;;;;;;
;;;;;;;;;;;;
;;;;;;;;;;;;
;;;;;;;;;;;;
;;;;;;;;;;;;
;;;;;;;;;;;;
;;;;;;;;;;;;
;;;;;;;;;;;;
;;;;;;;;;;;;
;;;;;;;;;;;;
;;;;;;;;;;;;
;;;;;;;;;;;;
;;;;;;;;;;;;
;;;;;;;;;;;;
;;;;;;;;;;;;
;;;;;;;;;;;;
;;;;;;;;;;;;
;;;;;;;;;;;;
;;;;;;;;;;;;
;;;;;;;;;;;;
;;;;;;;;;;;;
;;;;;;;;;;;;
;;;;;;;;;;;;
;;;;;;;;;;;;
;;;;;;;;;;;;
;;;;;;;;;;;;
;;;;;;;;;;;;
;;;;;;;;;;;;
;;;;;;;;;;;;
;;;;;;;;;;;;
;;;;;;;;;;;;
;;;;;;;;;;;;
;;;;;;;;;;;;
;;;;;;;;;;;;
;;;;;;;;;;;;
;;;;;;;;;;;;
;;;;;;;;;;;;
;;;;;;;;;;;;
;;;;;;;;;;;;
;;;;;;;;;;;;
;;;;;;;;;;;;
;;;;;;;;;;;;
;;;;;;;;;;;;
;;;;;;;;;;;;
;;;;;;;;;;;;
;;;;;;;;;;;;
;;;;;;;;;;;;
;;;;;;;;;;;;
;;;;;;;;;;;;
;;;;;;;;;;;;
;;;;;;;;;;;;
;;;;;;;;;;;;
;;;;;;;;;;;;
;;;;;;;;;;;;
;;;;;;;;;;;;
;;;;;;;;;;;;
;;;;;;;;;;;;
;;;;;;;;;;;;
;;;;;;;;;;;;
;;;;;;;;;;;;
;;;;;;;;;;;;
;;;;;;;;;;;;
;;;;;;;;;;;;
;;;;;;;;;;;;
;;;;;;;;;;;;
;;;;;;;;;;;;
;;;;;;;;;;;;
;;;;;;;;;;;;
;;;;;;;;;;;;
;;;;;;;;;;;;
;;;;;;;;;;;;
;;;;;;;;;;;;
;;;;;;;;;;;;
;;;;;;;;;;;;
;;;;;;;;;;;;
;;;;;;;;;;;;
;;;;;;;;;;;;
;;;;;;;;;;;;
;;;;;;;;;;;;
;;;;;;;;;;;;
;;;;;;;;;;;;
;;;;;;;;;;;;
;;;;;;;;;;;;
;;;;;;;;;;;;
;;;;;;;;;;;;
;;;;;;;;;;;;
;;;;;;;;;;;;
;;;;;;;;;;;;
;;;;;;;;;;;;
;;;;;;;;;;;;
;;;;;;;;;;;;
;;;;;;;;;;;;
;;;;;;;;;;;;
;;;;;;;;;;;;
;;;;;;;;;;;;
;;;;;;;;;;;;
;;;;;;;;;;;;
;;;;;;;;;;;;
;;;;;;;;;;;;
;;;;;;;;;;;;
;;;;;;;;;;;;
;;;;;;;;;;;;
;;;;;;;;;;;;
;;;;;;;;;;;;
;;;;;;;;;;;;
;;;;;;;;;;;;
;;;;;;;;;;;;
;;;;;;;;;;;;
;;;;;;;;;;;;
;;;;;;;;;;;;
;;;;;;;;;;;;
;;;;;;;;;;;;
;;;;;;;;;;;;
;;;;;;;;;;;;
;;;;;;;;;;;;
;;;;;;;;;;;;
;;;;;;;;;;;;
;;;;;;;;;;;;
;;;;;;;;;;;;
;;;;;;;;;;;;
;;;;;;;;;;;;
;;;;;;;;;;;;
;;;;;;;;;;;;
;;;;;;;;;;;;
;;;;;;;;;;;;
;;;;;;;;;;;;
;;;;;;;;;;;;
;;;;;;;;;;;;
;;;;;;;;;;;;
;;;;;;;;;;;;
;;;;;;;;;;;;
;;;;;;;;;;;;
;;;;;;;;;;;;
;;;;;;;;;;;;
;;;;;;;;;;;;
;;;;;;;;;;;;
;;;;;;;;;;;;
;;;;;;;;;;;;
;;;;;;;;;;;;
;;;;;;;;;;;;
;;;;;;;;;;;;
;;;;;;;;;;;;
;;;;;;;;;;;;
;;;;;;;;;;;;
;;;;;;;;;;;;
;;;;;;;;;;;;
;;;;;;;;;;;;
;;;;;;;;;;;;
;;;;;;;;;;;;
;;;;;;;;;;;;
;;;;;;;;;;;;
;;;;;;;;;;;;
;;;;;;;;;;;;
;;;;;;;;;;;;
;;;;;;;;;;;;
;;;;;;;;;;;;
;;;;;;;;;;;;
;;;;;;;;;;;;
;;;;;;;;;;;;
;;;;;;;;;;;;
;;;;;;;;;;;;
;;;;;;;;;;;;
;;;;;;;;;;;;
;;;;;;;;;;;;
;;;;;;;;;;;;
;;;;;;;;;;;;
;;;;;;;;;;;;
;;;;;;;;;;;;
;;;;;;;;;;;;
;;;;;;;;;;;;
;;;;;;;;;;;;
;;;;;;;;;;;;
;;;;;;;;;;;;
;;;;;;;;;;;;
;;;;;;;;;;;;
;;;;;;;;;;;;
;;;;;;;;;;;;
;;;;;;;;;;;;
;;;;;;;;;;;;
;;;;;;;;;;;;
;;;;;;;;;;;;
;;;;;;;;;;;;
;;;;;;;;;;;;
;;;;;;;;;;;;
;;;;;;;;;;;;
;;;;;;;;;;;;
;;;;;;;;;;;;
;;;;;;;;;;;;
;;;;;;;;;;;;
;;;;;;;;;;;;
;;;;;;;;;;;;
;;;;;;;;;;;;
;;;;;;;;;;;;
;;;;;;;;;;;;
;;;;;;;;;;;;
;;;;;;;;;;;;
;;;;;;;;;;;;
;;;;;;;;;;;;
;;;;;;;;;;;;
;;;;;;;;;;;;
;;;;;;;;;;;;
;;;;;;;;;;;;
;;;;;;;;;;;;
;;;;;;;;;;;;
;;;;;;;;;;;;
;;;;;;;;;;;;
;;;;;;;;;;;;
;;;;;;;;;;;;
;;;;;;;;;;;;
;;;;;;;;;;;;
;;;;;;;;;;;;
;;;;;;;;;;;;
;;;;;;;;;;;;
;;;;;;;;;;;;
;;;;;;;;;;;;
;;;;;;;;;;;;
;;;;;;;;;;;;
;;;;;;;;;;;;
;;;;;;;;;;;;
;;;;;;;;;;;;
;;;;;;;;;;;;
;;;;;;;;;;;;
;;;;;;;;;;;;
;;;;;;;;;;;;
;;;;;;;;;;;;
;;;;;;;;;;;;
;;;;;;;;;;;;
;;;;;;;;;;;;
;;;;;;;;;;;;
;;;;;;;;;;;;
;;;;;;;;;;;;
;;;;;;;;;;;;
;;;;;;;;;;;;
;;;;;;;;;;;;
;;;;;;;;;;;;
;;;;;;;;;;;;
;;;;;;;;;;;;
;;;;;;;;;;;;
;;;;;;;;;;;;
;;;;;;;;;;;;
;;;;;;;;;;;;
;;;;;;;;;;;;
;;;;;;;;;;;;
;;;;;;;;;;;;
;;;;;;;;;;;;
;;;;;;;;;;;;
;;;;;;;;;;;;
;;;;;;;;;;;;
;;;;;;;;;;;;
;;;;;;;;;;;;
;;;;;;;;;;;;
;;;;;;;;;;;;
;;;;;;;;;;;;
;;;;;;;;;;;;
;;;;;;;;;;;;
;;;;;;;;;;;;
;;;;;;;;;;;;
;;;;;;;;;;;;
;;;;;;;;;;;;
;;;;;;;;;;;;
;;;;;;;;;;;;
;;;;;;;;;;;;
;;;;;;;;;;;;
;;;;;;;;;;;;
;;;;;;;;;;;;
;;;;;;;;;;;;
;;;;;;;;;;;;
;;;;;;;;;;;;
;;;;;;;;;;;;
;;;;;;;;;;;;
;;;;;;;;;;;;
;;;;;;;;;;;;
;;;;;;;;;;;;
;;;;;;;;;;;;
;;;;;;;;;;;;
;;;;;;;;;;;;
;;;;;;;;;;;;
;;;;;;;;;;;;
;;;;;;;;;;;;
;;;;;;;;;;;;
;;;;;;;;;;;;
;;;;;;;;;;;;
;;;;;;;;;;;;
;;;;;;;;;;;;
;;;;;;;;;;;;
;;;;;;;;;;;;
;;;;;;;;;;;;
;;;;;;;;;;;;
;;;;;;;;;;;;
;;;;;;;;;;;;
;;;;;;;;;;;;
;;;;;;;;;;;;
;;;;;;;;;;;;
;;;;;;;;;;;;
;;;;;;;;;;;;
;;;;;;;;;;;;
;;;;;;;;;;;;
;;;;;;;;;;;;
;;;;;;;;;;;;
;;;;;;;;;;;;
;;;;;;;;;;;;
;;;;;;;;;;;;
;;;;;;;;;;;;
;;;;;;;;;;;;
;;;;;;;;;;;;
;;;;;;;;;;;;
;;;;;;;;;;;;
;;;;;;;;;;;;
;;;;;;;;;;;;
;;;;;;;;;;;;
;;;;;;;;;;;;
;;;;;;;;;;;;
;;;;;;;;;;;;
;;;;;;;;;;;;
;;;;;;;;;;;;
;;;;;;;;;;;;
;;;;;;;;;;;;
;;;;;;;;;;;;
;;;;;;;;;;;;
;;;;;;;;;;;;
;;;;;;;;;;;;
;;;;;;;;;;;;
;;;;;;;;;;;;
;;;;;;;;;;;;
;;;;;;;;;;;;
;;;;;;;;;;;;
;;;;;;;;;;;;
;;;;;;;;;;;;
;;;;;;;;;;;;
;;;;;;;;;;;;
;;;;;;;;;;;;
;;;;;;;;;;;;
;;;;;;;;;;;;
;;;;;;;;;;;;
;;;;;;;;;;;;
;;;;;;;;;;;;
;;;;;;;;;;;;
;;;;;;;;;;;;
;;;;;;;;;;;;
;;;;;;;;;;;;
;;;;;;;;;;;;
;;;;;;;;;;;;
;;;;;;;;;;;;
;;;;;;;;;;;;
;;;;;;;;;;;;
;;;;;;;;;;;;
;;;;;;;;;;;;
;;;;;;;;;;;;
;;;;;;;;;;;;
;;;;;;;;;;;;
;;;;;;;;;;;;
;;;;;;;;;;;;
;;;;;;;;;;;;
;;;;;;;;;;;;
;;;;;;;;;;;;
;;;;;;;;;;;;
;;;;;;;;;;;;
;;;;;;;;;;;;
;;;;;;;;;;;;
;;;;;;;;;;;;
;;;;;;;;;;;;
;;;;;;;;;;;;
;;;;;;;;;;;;
;;;;;;;;;;;;
;;;;;;;;;;;;
;;;;;;;;;;;;
;;;;;;;;;;;;
;;;;;;;;;;;;
;;;;;;;;;;;;
;;;;;;;;;;;;
;;;;;;;;;;;;
;;;;;;;;;;;;
;;;;;;;;;;;;
;;;;;;;;;;;;
;;;;;;;;;;;;
;;;;;;;;;;;;
;;;;;;;;;;;;
;;;;;;;;;;;;
;;;;;;;;;;;;
;;;;;;;;;;;;
;;;;;;;;;;;;
;;;;;;;;;;;;
;;;;;;;;;;;;
;;;;;;;;;;;;
;;;;;;;;;;;;
;;;;;;;;;;;;
;;;;;;;;;;;;
;;;;;;;;;;;;
;;;;;;;;;;;;
;;;;;;;;;;;;
;;;;;;;;;;;;
;;;;;;;;;;;;
;;;;;;;;;;;;
;;;;;;;;;;;;
;;;;;;;;;;;;
;;;;;;;;;;;;
;;;;;;;;;;;;
;;;;;;;;;;;;
;;;;;;;;;;;;
;;;;;;;;;;;;
;;;;;;;;;;;;
;;;;;;;;;;;;
;;;;;;;;;;;;
;;;;;;;;;;;;
;;;;;;;;;;;;
;;;;;;;;;;;;
;;;;;;;;;;;;
;;;;;;;;;;;;
;;;;;;;;;;;;
;;;;;;;;;;;;
;;;;;;;;;;;;
;;;;;;;;;;;;
;;;;;;;;;;;;
;;;;;;;;;;;;
;;;;;;;;;;;;
;;;;;;;;;;;;
;;;;;;;;;;;;
;;;;;;;;;;;;
;;;;;;;;;;;;
;;;;;;;;;;;;
;;;;;;;;;;;;
;;;;;;;;;;;;
;;;;;;;;;;;;
;;;;;;;;;;;;
;;;;;;;;;;;;
;;;;;;;;;;;;
;;;;;;;;;;;;
;;;;;;;;;;;;
;;;;;;;;;;;;
;;;;;;;;;;;;
;;;;;;;;;;;;
;;;;;;;;;;;;
;;;;;;;;;;;;
;;;;;;;;;;;;
;;;;;;;;;;;;
;;;;;;;;;;;;
;;;;;;;;;;;;
;;;;;;;;;;;;
;;;;;;;;;;;;
;;;;;;;;;;;;
;;;;;;;;;;;;
;;;;;;;;;;;;
;;;;;;;;;;;;
;;;;;;;;;;;;
;;;;;;;;;;;;
;;;;;;;;;;;;
;;;;;;;;;;;;
;;;;;;;;;;;;
;;;;;;;;;;;;
;;;;;;;;;;;;
;;;;;;;;;;;;
;;;;;;;;;;;;
;;;;;;;;;;;;
;;;;;;;;;;;;
;;;;;;;;;;;;
;;;;;;;;;;;;
;;;;;;;;;;;;
;;;;;;;;;;;;
;;;;;;;;;;;;
;;;;;;;;;;;;
;;;;;;;;;;;;
;;;;;;;;;;;;
;;;;;;;;;;;;
;;;;;;;;;;;;
;;;;;;;;;;;;
;;;;;;;;;;;;
;;;;;;;;;;;;
;;;;;;;;;;;;
;;;;;;;;;;;;
;;;;;;;;;;;;
;;;;;;;;;;;;
;;;;;;;;;;;;
;;;;;;;;;;;;
;;;;;;;;;;;;
;;;;;;;;;;;;
;;;;;;;;;;;;
;;;;;;;;;;;;
;;;;;;;;;;;;
;;;;;;;;;;;;
;;;;;;;;;;;;
;;;;;;;;;;;;
;;;;;;;;;;;;
;;;;;;;;;;;;
;;;;;;;;;;;;
;;;;;;;;;;;;
;;;;;;;;;;;;
;;;;;;;;;;;;
;;;;;;;;;;;;
;;;;;;;;;;;;
;;;;;;;;;;;;
;;;;;;;;;;;;
;;;;;;;;;;;;
;;;;;;;;;;;;
;;;;;;;;;;;;
;;;;;;;;;;;;
;;;;;;;;;;;;
;;;;;;;;;;;;
;;;;;;;;;;;;
;;;;;;;;;;;;
;;;;;;;;;;;;
;;;;;;;;;;;;
;;;;;;;;;;;;
;;;;;;;;;;;;
;;;;;;;;;;;;
;;;;;;;;;;;;
;;;;;;;;;;;;
;;;;;;;;;;;;
;;;;;;;;;;;;
;;;;;;;;;;;;
;;;;;;;;;;;;
;;;;;;;;;;;;
;;;;;;;;;;;;
;;;;;;;;;;;;
;;;;;;;;;;;;
;;;;;;;;;;;;
;;;;;;;;;;;;
;;;;;;;;;;;;
;;;;;;;;;;;;
;;;;;;;;;;;;
;;;;;;;;;;;;
;;;;;;;;;;;;
;;;;;;;;;;;;
;;;;;;;;;;;;
;;;;;;;;;;;;
;;;;;;;;;;;;
;;;;;;;;;;;;
;;;;;;;;;;;;
;;;;;;;;;;;;
;;;;;;;;;;;;
;;;;;;;;;;;;
;;;;;;;;;;;;
;;;;;;;;;;;;
;;;;;;;;;;;;
;;;;;;;;;;;;
;;;;;;;;;;;;
;;;;;;;;;;;;
;;;;;;;;;;;;
;;;;;;;;;;;;
;;;;;;;;;;;;
;;;;;;;;;;;;
;;;;;;;;;;;;
;;;;;;;;;;;;
;;;;;;;;;;;;
;;;;;;;;;;;;
;;;;;;;;;;;;
;;;;;;;;;;;;
;;;;;;;;;;;;
;;;;;;;;;;;;
;;;;;;;;;;;;
;;;;;;;;;;;;
;;;;;;;;;;;;
;;;;;;;;;;;;
;;;;;;;;;;;;
;;;;;;;;;;;;
;;;;;;;;;;;;
;;;;;;;;;;;;
;;;;;;;;;;;;
;;;;;;;;;;;;
;;;;;;;;;;;;
;;;;;;;;;;;;
;;;;;;;;;;;;
;;;;;;;;;;;;
;;;;;;;;;;;;
;;;;;;;;;;;;
;;;;;;;;;;;;
;;;;;;;;;;;;
;;;;;;;;;;;;
;;;;;;;;;;;;
;;;;;;;;;;;;
;;;;;;;;;;;;
;;;;;;;;;;;;
;;;;;;;;;;;;
;;;;;;;;;;;;
;;;;;;;;;;;;
;;;;;;;;;;;;
;;;;;;;;;;;;
;;;;;;;;;;;;
;;;;;;;;;;;;
;;;;;;;;;;;;
;;;;;;;;;;;;
;;;;;;;;;;;;
;;;;;;;;;;;;
;;;;;;;;;;;;
;;;;;;;;;;;;
;;;;;;;;;;;;
;;;;;;;;;;;;
;;;;;;;;;;;;
;;;;;;;;;;;;
;;;;;;;;;;;;
;;;;;;;;;;;;
;;;;;;;;;;;;
;;;;;;;;;;;;
;;;;;;;;;;;;
;;;;;;;;;;;;
;;;;;;;;;;;;
;;;;;;;;;;;;
;;;;;;;;;;;;
;;;;;;;;;;;;
;;;;;;;;;;;;
;;;;;;;;;;;;
;;;;;;;;;;;;
;;;;;;;;;;;;
;;;;;;;;;;;;
;;;;;;;;;;;;
;;;;;;;;;;;;
;;;;;;;;;;;;
;;;;;;;;;;;;
;;;;;;;;;;;;
;;;;;;;;;;;;
;;;;;;;;;;;;
;;;;;;;;;;;;
;;;;;;;;;;;;
;;;;;;;;;;;;
;;;;;;;;;;;;
;;;;;;;;;;;;
;;;;;;;;;;;;
;;;;;;;;;;;;
;;;;;;;;;;;;
;;;;;;;;;;;;
;;;;;;;;;;;;
;;;;;;;;;;;;
;;;;;;;;;;;;
;;;;;;;;;;;;
;;;;;;;;;;;;
;;;;;;;;;;;;
;;;;;;;;;;;;
;;;;;;;;;;;;
;;;;;;;;;;;;
;;;;;;;;;;;;
;;;;;;;;;;;;
;;;;;;;;;;;;
;;;;;;;;;;;;
;;;;;;;;;;;;
;;;;;;;;;;;;
;;;;;;;;;;;;
;;;;;;;;;;;;
;;;;;;;;;;;;
;;;;;;;;;;;;
;;;;;;;;;;;;
;;;;;;;;;;;;
;;;;;;;;;;;;
;;;;;;;;;;;;
;;;;;;;;;;;;
;;;;;;;;;;;;
;;;;;;;;;;;;
;;;;;;;;;;;;
;;;;;;;;;;;;
;;;;;;;;;;;;
;;;;;;;;;;;;
;;;;;;;;;;;;
;;;;;;;;;;;;
;;;;;;;;;;;;
;;;;;;;;;;;;
;;;;;;;;;;;;
;;;;;;;;;;;;
;;;;;;;;;;;;
;;;;;;;;;;;;
;;;;;;;;;;;;
;;;;;;;;;;;;
;;;;;;;;;;;;
;;;;;;;;;;;;
;;;;;;;;;;;;
;;;;;;;;;;;;
;;;;;;;;;;;;
;;;;;;;;;;;;
;;;;;;;;;;;;
;;;;;;;;;;;;
;;;;;;;;;;;;
;;;;;;;;;;;;
;;;;;;;;;;;;
;;;;;;;;;;;;
;;;;;;;;;;;;
;;;;;;;;;;;;
;;;;;;;;;;;;
;;;;;;;;;;;;
;;;;;;;;;;;;
;;;;;;;;;;;;
;;;;;;;;;;;;
;;;;;;;;;;;;
;;;;;;;;;;;;
;;;;;;;;;;;;
;;;;;;;;;;;;
;;;;;;;;;;;;
;;;;;;;;;;;;
;;;;;;;;;;;;
;;;;;;;;;;;;
;;;;;;;;;;;;
;;;;;;;;;;;;
;;;;;;;;;;;;
;;;;;;;;;;;;
;;;;;;;;;;;;
;;;;;;;;;;;;
;;;;;;;;;;;;
;;;;;;;;;;;;
;;;;;;;;;;;;
;;;;;;;;;;;;
;;;;;;;;;;;;
;;;;;;;;;;;;
;;;;;;;;;;;;
;;;;;;;;;;;;
;;;;;;;;;;;;
;;;;;;;;;;;;
;;;;;;;;;;;;
;;;;;;;;;;;;
;;;;;;;;;;;;
;;;;;;;;;;;;
;;;;;;;;;;;;
;;;;;;;;;;;;
;;;;;;;;;;;;
;;;;;;;;;;;;
;;;;;;;;;;;;
;;;;;;;;;;;;
;;;;;;;;;;;;
;;;;;;;;;;;;
;;;;;;;;;;;;
